,id,name,address,lat,lng,postalCode,cc,city,state,country,category_id,category_name,crossStreet,neighborhood,venuePage
0,4ad767ecf964a520190a21e3,Market Street,6100 Eldorado Pkwy,33.17525730000001,-96.69561840000001,75070,US,McKinney,TX,United States,52f2ab2ebcbc57f1066b8b46,Supermarket,,,
1,4b0716dcf964a52004f722e3,Kroger,2901 Lake Forest Dr,33.1746451,-96.6817991,75072,US,McKinney,TX,United States,52f2ab2ebcbc57f1066b8b46,Supermarket,at Eldorado Pkwy,,
2,4b5a2cd1f964a5201db228e3,Kroger Marketplace,12221 Custer Rd,33.1772036,-96.7353441,75035,US,Frisco,TX,United States,52f2ab2ebcbc57f1066b8b46,Supermarket,at Eldorado Pkwy,,
3,56942118498e39606cb92e87,Walmart Neighborhood Market,3400 Virginia Parkway,33.19726407560165,-96.6647040589671,75071,US,McKinney,TX,United States,52f2ab2ebcbc57f1066b8b46,Supermarket,,,
4,53d02a0e11d2867a3fa7e90a,Trader Joe's,2851 Craig Dr Ste 100,33.17367353099718,-96.64283941780906,75070,US,McKinney,TX,United States,52f2ab2ebcbc57f1066b8b46,Supermarket,,,
5,4b6748bcf964a520cc452be3,Tom Thumb,6800 W Virginia Pkwy,33.2005201,-96.7065532,75071,US,McKinney,TX,United States,52f2ab2ebcbc57f1066b8b46,Supermarket,,Stonebridge Ranch,
6,5a81e5e3db1d81459cd84e2f,Walmart Supercenter,16066 State Highway 121,33.12803436843613,-96.73616637074198,75035,US,Frisco,TX,United States,52f2ab2ebcbc57f1066b8b46,Supermarket,,,
7,4b7707f4f964a5202d762ee3,Kroger,1320 W McDermott Dr,33.10248674906204,-96.70049875974655,75013,US,Allen,TX,United States,52f2ab2ebcbc57f1066b8b46,Supermarket,at Alma Dr.,,
8,4be379cdf07b0f479549f843,Walmart Supercenter,5001 Mckinney Ranch Pkwy,33.15640765581234,-96.68263928205606,75070,US,McKinney,TX,United States,52f2ab2ebcbc57f1066b8b46,Supermarket,,,
9,4bc0eb8a74a9a593e6f7d0f6,Albertsons,3001 S Central Expy,33.170768,-96.63692,75070,US,McKinney,TX,United States,52f2ab2ebcbc57f1066b8b46,Supermarket,at W Eldorado Pkwy,,
10,5a4bc50d2be4251623bf2095,Kroger Clicklist,,33.177767,-96.735507,75035,US,Frisco,TX,United States,52f2ab2ebcbc57f1066b8b46,Supermarket,,,
11,597916a6c876c87ed18592f4,ALDI,8801 Stacy Rd,33.15153145,-96.73064789,75070,US,McKinney,TX,United States,52f2ab2ebcbc57f1066b8b46,Supermarket,,,
12,4b09b550f964a520211c23e3,Walmart Supercenter,1721 N Custer Rd,33.21637770810687,-96.73530529626632,75071,US,McKinney,TX,United States,52f2ab2ebcbc57f1066b8b46,Supermarket,,,
13,5a0cae633d479150f48adff2,Walmart Garden Center,1721 N Custer Rd,33.216703,-96.735578,75071,US,McKinney,TX,United States,52f2ab2ebcbc57f1066b8b46,Supermarket,,,
14,590e641b28122f16e5371eca,ALDI,1730 N Greenville Ave,33.128117,-96.645033,75002,US,Allen,TX,United States,52f2ab2ebcbc57f1066b8b46,Supermarket,,,
15,5625508c498e8d479eb5ef86,Trader Joe's,14856 Preston Rd,32.95067895158459,-96.80198147243969,75254,US,Dallas,TX,United States,4bf58dd8d48988d118951735,Grocery Store,,,
16,4b53c67df964a52008ab27e3,Tom Thumb,14999 Preston Rd,32.9523183,-96.8058468,75254,US,Dallas,TX,United States,4bf58dd8d48988d118951735,Grocery Store,at Belt Line Rd,,
17,4b92c080f964a5206d1834e3,Kroger,17194 Preston Rd,32.984462873724645,-96.80119426580859,75248,US,Dallas,TX,United States,52f2ab2ebcbc57f1066b8b46,Supermarket,at Campbell Rd.,,
18,4b3ebae5f964a52086a125e3,Tom Thumb,1380 W Campbell Rd,32.9797026,-96.7667661,75080,US,Richardson,TX,United States,52f2ab2ebcbc57f1066b8b46,Supermarket,Coit Rd.,,
19,4b788b42f964a520abd52ee3,Kroger,160 N Coit Rd,32.952991397870974,-96.76772904372555,75080,US,Richardson,TX,United States,52f2ab2ebcbc57f1066b8b46,Supermarket,at W Belt Line Rd,,
20,4a73a44ff964a5200cdd1fe3,Market Street,1929 Preston Rd,33.02586512450553,-96.7993875146567,75093,US,Plano,TX,United States,52f2ab2ebcbc57f1066b8b46,Supermarket,at W Park Blvd.,,
21,4b416b1ff964a5207bc625e3,Kroger,3939 Frankford Rd,32.99811907032441,-96.84592982801438,75287,US,Dallas,TX,United States,52f2ab2ebcbc57f1066b8b46,Supermarket,at Midway Rd.,,
22,4b3153fff964a520d70425e3,Tom Thumb,18212 Preston Rd,32.9998551,-96.7936833,75252,US,Dallas,TX,United States,52f2ab2ebcbc57f1066b8b46,Supermarket,Frankford Rd.,,
23,5028140ce4b07270849f6fe8,Trader Joe's,2400 Preston Rd,33.029319892351225,-96.79331933155652,75093,US,Plano,TX,United States,52f2ab2ebcbc57f1066b8b46,Supermarket,at Park Blvd.,,
24,4b9fa350f964a520a93037e3,ALDI,3632 Frankford Rd Ste 200C,32.9959558,-96.854238,75287,US,Dallas,TX,United States,52f2ab2ebcbc57f1066b8b46,Supermarket,at Marsh Ln,,
25,4acbd45bf964a520e9c720e3,Albertsons,4625 Frankford Rd,32.9992841,-96.8272396,75287,US,Dallas,TX,United States,52f2ab2ebcbc57f1066b8b46,Supermarket,Dallas Parkway,,
26,5664987f498e91cb4d7978e0,Walmart,15757 Arapaho,32.963189455814366,-96.77026558284983,,US,Dallas,TX,United States,52f2ab2ebcbc57f1066b8b46,Supermarket,Coit,,
27,4ab5a1a0f964a520b27520e3,Tom Thumb,11920 Preston Rd,32.9110939,-96.8023728,75230,US,Dallas,TX,United States,52f2ab2ebcbc57f1066b8b46,Supermarket,at Forest Ln,,
28,4ad25a4df964a52014e120e3,Tom Thumb,3411 Custer Pkwy,32.9988139,-96.7305525,75080,US,Richardson,TX,United States,52f2ab2ebcbc57f1066b8b46,Supermarket,at W. Renner Rd.,,
29,4b1b04dcf964a5208af623e3,Walmart Supercenter,15220 Montfort Rd,32.95895865,-96.81673765,75248,US,Dallas,TX,United States,52f2ab2ebcbc57f1066b8b46,Supermarket,,,
30,4aad4753f964a520745f20e3,Walmart Supercenter,425 Coit Rd,33.00447022692925,-96.77143381518187,75075,US,Plano,TX,United States,52f2ab2ebcbc57f1066b8b46,Supermarket,,,
31,4b50b80af964a520352f27e3,Kroger,3770 Belt Line Rd,32.9505342,-96.8528572,75001,US,Addison,TX,United States,52f2ab2ebcbc57f1066b8b46,Supermarket,at Marsh Ln.,,
32,4b9b0ed9f964a5206fef35e3,Kroger,9140 Forest Ln,32.9081564,-96.7450171,75243,US,Dallas,TX,United States,52f2ab2ebcbc57f1066b8b46,Supermarket,at Greenville Ave.,,
33,4b2ba12cf964a52073b824e3,Kroger,3305 Dallas Pkwy,33.04759423928853,-96.83198601007462,75093,US,Plano,TX,United States,52f2ab2ebcbc57f1066b8b46,Supermarket,at W. Parker Rd.,,
34,55df2403498ea75e99f301b4,WinCo Foods,1122 W Centerville Rd,32.98395329103374,-96.70188231494267,75041,US,Garland,TX,United States,52f2ab2ebcbc57f1066b8b46,Supermarket,,,
35,5abd6cf3a6fe4d4d13cadd64,WinCo Foods,2620 N Josey Ln,32.98669681448198,-96.88916788920085,75007,US,Carrollton,TX,United States,52f2ab2ebcbc57f1066b8b46,Supermarket,Trinity Mills Rd.,,
36,4b4d172bf964a52096ca26e3,Walmart,4122 Lyndon B Johnson Fwy,32.92200057459249,-96.84037287928103,75244,US,Dallas,TX,United States,52f2ab2ebcbc57f1066b8b46,Supermarket,at Midway Rd,,
37,5824e0b07b454a2e7defc09d,Walmart Supercenter,15757 Coit Rd,32.9631596779289,-96.76801651752612,75248,US,Dallas,TX,United States,52f2ab2ebcbc57f1066b8b46,Supermarket,,,
38,54ff7695498ece66e64f5224,Trader Joe's,7939 Walnut Hill Lane,32.88068055747814,-96.77247615522731,75230,US,Dallas,TX,United States,4bf58dd8d48988d118951735,Grocery Store,,,
39,4a6a1b96f964a520a2cc1fe3,Walmart Supercenter,1700 Dallas Pkwy,33.02470740759119,-96.82831693008892,75093,US,Plano,TX,United States,52f2ab2ebcbc57f1066b8b46,Supermarket,,,
40,4a68c898f964a52002cb1fe3,Tom Thumb,522 Royal Ln,32.896203,-96.8047967,75230,US,Dallas,TX,United States,52f2ab2ebcbc57f1066b8b46,Supermarket,at Preston Rd & Royal Ln,,
41,4acf2f50f964a520a2d220e3,Super H-Mart,2625 Old Denton Rd,32.98499026997583,-96.91196632132015,75007,US,Carrollton,TX,United States,52f2ab2ebcbc57f1066b8b46,Supermarket,at Trinity Mills Rd.,,
42,5668cb9b498e1e0b206d26b9,99 Ranch Market,2632 Old Denton Rd,32.98100144864071,-96.90870689298166,,US,Carrollton,TX,United States,52f2ab2ebcbc57f1066b8b46,Supermarket,Trinity Mills Rd.,,
43,4c30f943ed37a59314b06903,Kroger,2925 Custer Rd,33.0389452,-96.7348536,75075,US,Plano,TX,United States,52f2ab2ebcbc57f1066b8b46,Supermarket,Parker Rd.,,
44,4ad6478bf964a5204e0621e3,Tom Thumb,14280 Marsh Ln,32.938506597930306,-96.85401981935956,75001,US,Addison,TX,United States,52f2ab2ebcbc57f1066b8b46,Supermarket,,,
45,4b64b173f964a520e3c82ae3,Tom Thumb,3100 Independence Pkwy,33.0390418,-96.7523111,75075,US,Plano,TX,United States,52f2ab2ebcbc57f1066b8b46,Supermarket,Parker,,
46,4f14465de4b0804e8d2b2ae8,ALDI,3128 Forest Ln #245,32.9086278,-96.8703599,75234,US,Dallas,TX,United States,52f2ab2ebcbc57f1066b8b46,Supermarket,,,
47,52181d62498ef291f6aaf06d,Walmart Neighborhood Market,3312 Preston Road,33.043613662002606,-96.79250050072801,75093,US,Plano,TX,United States,52f2ab2ebcbc57f1066b8b46,Supermarket,,,
48,4b9504a1f964a520c08b34e3,Fiesta Mart Inc,1332 S Plano Rd,32.932276079425996,-96.70175252137554,75081,US,Richardson,TX,United States,52f2ab2ebcbc57f1066b8b46,Supermarket,at W Buckingham Rd,,
49,4dfbedc0d22d879302f3a7f2,ALDI,2220 Coit Rd,33.02797168584692,-96.76863712509657,75075,US,Plano,TX,United States,52f2ab2ebcbc57f1066b8b46,Supermarket,at W Park Blvd,,
50,4b9d806cf964a5208db036e3,Albertsons,2150 N Josey Ln,32.9743058,-96.8883055,75006,US,Carrollton,TX,United States,52f2ab2ebcbc57f1066b8b46,Supermarket,Keller Springs Rd.,,
51,4b7deadef964a520e0d92fe3,Kroger,536 Centennial Blvd,32.93686209463391,-96.72049816334501,75081,US,Richardson,TX,United States,52f2ab2ebcbc57f1066b8b46,Supermarket,at Audelia Rd,,
52,4bfc67e7d6f2c9b620304fc8,ALDI,9779 Forest Ln Ste 200C,32.9107587,-96.7190612,75243,US,Dallas,TX,United States,52f2ab2ebcbc57f1066b8b46,Supermarket,at Audelia Rd.,,
53,4d98c9cf2bd6f04d26997050,ALDI,3044 Old Denton Rd,32.9976788,-96.9079825,75007,US,Carrollton,TX,United States,52f2ab2ebcbc57f1066b8b46,Supermarket,at EFrankford Rd,,
54,4fb143a3e4b09f9a2b4362df,Walmart Neighborhood Market,3100 Custer Rd,33.03955570613217,-96.73183096241911,75075,US,Plano,TX,United States,52f2ab2ebcbc57f1066b8b46,Supermarket,,,
55,4bafc188f964a520281e3ce3,Tom Thumb,3945 Legacy Dr,33.0740689,-96.7706223,75023,US,Plano,TX,United States,52f2ab2ebcbc57f1066b8b46,Supermarket,Coit,,
56,4af9eed7f964a520611522e3,Kroger,4038 Old Denton Rd,33.01964,-96.9132498,75007,US,Carrollton,TX,United States,52f2ab2ebcbc57f1066b8b46,Supermarket,at Hebron Pkwy. W.,,
57,5945c9cb9411f241f556d0a7,Good Fortune,400 North Greenville Avenue,32.95273622,-96.7277326,75081,US,Richardson,TX,United States,4bf58dd8d48988d118951735,Grocery Store,,,{'id': '567276904'}
58,4acfdee2f964a5208fd620e3,Tom Thumb,7700 W Northwest Hwy,32.8642104,-96.7750816,75225,US,Dallas,TX,United States,52f2ab2ebcbc57f1066b8b46,Supermarket,,,
59,4c22631011de20a118ca84ce,Tom Thumb,4112 N Josey Ln,33.0235502,-96.8833764,75007,US,Carrollton,TX,United States,52f2ab2ebcbc57f1066b8b46,Supermarket,at Hebron Pkwy,,
60,50476eb3e4b023513ff9c1ba,Walmart Neighborhood Market,4025 Old Denton Rd,33.018299430160276,-96.91598430438272,75007,US,Carrollton,TX,United States,52f2ab2ebcbc57f1066b8b46,Supermarket,,,
61,4c29057197d00f4714c940ea,Tom Thumb,7000 Snider Plz,32.8503118,-96.7872321,75205,US,Dallas,TX,United States,52f2ab2ebcbc57f1066b8b46,Supermarket,,,
62,4b5ce59cf964a520d64929e3,Walmart Supercenter,18121 Marsh Ln,32.995328093372486,-96.857534244857,75287,US,Dallas,TX,United States,52f2ab2ebcbc57f1066b8b46,Supermarket,Frankford Rd.,,
63,4aca4e32f964a52051c120e3,Tom Thumb,5809 E Lovers Ln,32.8519595,-96.7669597,75206,US,Dallas,TX,United States,52f2ab2ebcbc57f1066b8b46,Supermarket,at Matilda St.,,
64,5a0ce0dff5e9d710c60c0ba3,Walmart Supercenter,13739 N Central Expy,32.936808165432474,-96.75257873087051,75243,US,Dallas,TX,United States,52f2ab2ebcbc57f1066b8b46,Supermarket,,,
65,4f919f94e4b048074f9c6b1a,Walmart Neighborhood Market,13100 Josey Ln,32.92353423751217,-96.88053517887636,75234,US,Farmers Branch,TX,United States,52f2ab2ebcbc57f1066b8b46,Supermarket,,,
66,4bd88cb7e914a593998753fa,Walmart Neighborhood Market,1501 Buckingham Rd,32.93228383719681,-96.69733919922047,75081,US,Richardson,TX,United States,52f2ab2ebcbc57f1066b8b46,Supermarket,,,
67,4b348f47f964a520e72725e3,Walmart Supercenter,4122 Lbj Freeway,32.9199438,-96.8518049,75244,US,Dallas,TX,United States,52f2ab2ebcbc57f1066b8b46,Supermarket,,,
68,4aede734f964a5200ad021e3,Walmart Supercenter,6000 Coit Rd,33.05547193369571,-96.76786793458808,75023,US,Plano,TX,United States,52f2ab2ebcbc57f1066b8b46,Supermarket,,,
69,4b380156f964a520264a25e3,Walmart Supercenter,9301 Forest Ln,32.910601062165554,-96.73896139509608,75243,US,Dallas,TX,United States,52f2ab2ebcbc57f1066b8b46,Supermarket,,,
70,4aff40c8f964a520803622e3,Walmart Garden Center,1213 E Trinity Mills Rd,32.985437359081686,-96.90558247416207,75006,US,Carrollton,TX,United States,52f2ab2ebcbc57f1066b8b46,Supermarket,Old Denton Rd,Northwest Carr,
71,5b4987d80a464d00339874d0,Home Storage Center and Bishops' Storehouse,1100 W Jackson Rd,32.9763022,-96.9150925,75006,US,Carrollton,TX,United States,52f2ab2ebcbc57f1066b8b46,Supermarket,,,
72,4e4c49b4ae60bb5012633fcd,Walmart Supercenter,6185 Retail Rd,32.86293076307544,-96.75463064035314,75231,US,Dallas,TX,United States,52f2ab2ebcbc57f1066b8b46,Supermarket,,,
73,5a0ce09c112c6c185e4c0a1a,Walmart Garden Center,6185 Retail Rd,32.862849,-96.754838,75231,US,Dallas,TX,United States,52f2ab2ebcbc57f1066b8b46,Supermarket,,,
74,59b1b3853149b9493072d36b,Walmart Bakery,4025 Old Denton Rd,33.017993,-96.91597800000001,75007,US,Carrollton,TX,United States,52f2ab2ebcbc57f1066b8b46,Supermarket,,,
75,4ba916eef964a5206f0a3ae3,Sysco,800 Trinity Dr,33.064051,-96.87369699999999,75056,US,The Colony,TX,United States,52f2ab2ebcbc57f1066b8b46,Supermarket,,,
76,4bf894e88d30d13aea140118,Brookshire's,6410 Wesley St,33.105064955912226,-96.1106112608752,75402,US,Greenville,TX,United States,52f2ab2ebcbc57f1066b8b46,Supermarket,,,
77,580a711338fa83fae22fe165,Kroger (Signature),1950 N Goliad St,32.94958482909432,-96.46028308735214,75087,US,Rockwall,TX,United States,52f2ab2ebcbc57f1066b8b46,Supermarket,,,
78,51ec0130498eeefcf6c8907b,Kroger Marketplace,2608 W FM 544,33.008674266111434,-96.57495886548845,75098,US,Wylie,TX,United States,52f2ab2ebcbc57f1066b8b46,Supermarket,Hooper Rd.,,
79,56059a6e498ed26b4e1f783b,Walmart Neighborhood Market,4715 Wesley Street,33.12328467082884,-96.10839917673638,75401,US,Greenville,TX,United States,52f2ab2ebcbc57f1066b8b46,Supermarket,,,
80,573ce4eecd108c13e0b595e0,Walmart Supercenter,701 W Princeton Dr,33.17376646019821,-96.51211873157564,75407,US,Princeton,TX,United States,52f2ab2ebcbc57f1066b8b46,Supermarket,,,
81,4b4a4a8ff964a5208e8226e3,Kroger,2935 Ridge Rd,32.8891911,-96.4710282,75032,US,Rockwall,TX,United States,52f2ab2ebcbc57f1066b8b46,Supermarket,,,
82,53d07217498ef512a10e24f2,Walmart Supercenter,8015 Woodbridge Parkway,32.99173851879723,-96.5743247581236,75048,US,Sachse,TX,United States,52f2ab2ebcbc57f1066b8b46,Supermarket,,,
83,4c27c57b9fb5d13a3f9c9857,Super 1 Foods,4811 Wesley St,33.12177516876805,-96.10852724197481,75401,US,Greenville,TX,United States,52f2ab2ebcbc57f1066b8b46,Supermarket,,,
84,512169c7e4b06dc366b5afa5,ALDI,3085 Ridge Rd,32.885968431310516,-96.47324189543724,75032,US,Rockwall,TX,United States,52f2ab2ebcbc57f1066b8b46,Supermarket,,,
85,4c3a8c6662f1c928a8468e53,Walmart Neighborhood Market,850 W Rusk St,32.930993937367774,-96.46794591386174,75087,US,Rockwall,TX,United States,52f2ab2ebcbc57f1066b8b46,Supermarket,,,
86,4bf80a13d4cdb7130bb084fe,Kroger,1212 E Bethany Dr,33.0829117,-96.644842,75002,US,Allen,TX,United States,52f2ab2ebcbc57f1066b8b46,Supermarket,Allen Heights,,
87,4ae796b8f964a520a9ac21e3,Kroger,5190 Highway 78,32.968972,-96.6038276,75048,US,Sachse,TX,United States,52f2ab2ebcbc57f1066b8b46,Supermarket,Bunker Hill Rd,,
88,511d63b6e4b0db0bf6d777fd,Walmart Supercenter,2662 W Lucas Rd,33.088310640183586,-96.61850921867214,75002,US,Lucas,TX,United States,52f2ab2ebcbc57f1066b8b46,Supermarket,,,
89,4b527429f964a520087e27e3,Kroger,1210 N Greenville Ave,33.1159904,-96.6498817,75002,US,Allen,TX,United States,52f2ab2ebcbc57f1066b8b46,Supermarket,at E Exchange Pkwy,,
90,4b1314bdf964a520d69323e3,Kroger,4017 14th St,33.015134,-96.6558873,75074,US,Plano,TX,United States,52f2ab2ebcbc57f1066b8b46,Supermarket,at Los Rios Blvd.,,
91,5a0e24a61f8ed6449dffb887,Walmart Garden Center,494 W. Interstate 30,32.9648717,-96.3425268,75189,US,Royse City,TX,United States,4eb1c0253b7b52c0e1adc2e9,Garden Center,,,
92,52dc1c02498e55ce13b1509f,Kroger Marketplace,500 Marketplace Blvd,32.74849292409478,-96.44997135318562,75126,US,Forney,TX,United States,52f2ab2ebcbc57f1066b8b46,Supermarket,FM 548,,
93,564f8373498e5c1344904578,Walmart Supercenter,494 W. Interstate 30,32.96549129036769,-96.34313867663664,75189,US,Royse City,TX,United States,52f2ab2ebcbc57f1066b8b46,Supermarket,,,
94,4f184929e4b0d149718a96d4,ALDI,3463 W FM 544,33.01188350162667,-96.59268371163944,75098,US,Wylie,TX,United States,52f2ab2ebcbc57f1066b8b46,Supermarket,,,
95,52def74d498e7fa5ecb829e3,Walmart Neighborhood Market,101 W Buckingham Rd,32.931674407228996,-96.63162357548977,75040,US,Garland,TX,United States,52f2ab2ebcbc57f1066b8b46,Supermarket,,,
96,5bd021b3dee770002cf8ec11,ALDI,3251 N Goliad St,32.9661915,-96.4649144,75087,US,Rockwall,TX,United States,52f2ab2ebcbc57f1066b8b46,Supermarket,,,
97,5500c7ae498ee31c16cda17a,Walmart Neighborhood Market,1400 Mccreary Road,33.034448877046955,-96.59389471332793,75098,US,Wylie,TX,United States,52f2ab2ebcbc57f1066b8b46,Supermarket,McMillan,,
98,597916a8dee7706d2ffbab54,ALDI,6606 Wesley St,33.1028516,-96.1110377,75402,US,Greenville,TX,United States,52f2ab2ebcbc57f1066b8b46,Supermarket,,,
99,548b1072498ed9796733d2f6,Walmart Neighborhood Market,6750 Murphy Road,32.983154058733774,-96.61224733987981,75048,US,Sachse,TX,United States,52f2ab2ebcbc57f1066b8b46,Supermarket,Blackburn/Campbell,,
100,4bf057c37ed12d7fc00de7c2,Walmart Supercenter,7401 Interstate Highway 30,33.093743286156936,-96.10676848660005,75402,US,Greenville,TX,United States,52f2ab2ebcbc57f1066b8b46,Supermarket,,,
101,4b660fdbf964a5207c112be3,Walmart Supercenter,782 E Interstate 30,32.90181271077681,-96.46154228830254,75087,US,Rockwall,TX,United States,52f2ab2ebcbc57f1066b8b46,Supermarket,,,
102,4b0daa10f964a520764d23e3,Walmart Supercenter,2050 N Highway 78,33.024738033023816,-96.5115829823256,75098,US,Wylie,TX,United States,52f2ab2ebcbc57f1066b8b46,Supermarket,,,
103,4b79a638f964a5204b082fe3,Walmart Neighborhood Market,1520 E Exchange Pkwy,33.11418248386787,-96.62973704260524,75002,US,Allen,TX,United States,52f2ab2ebcbc57f1066b8b46,Supermarket,Angel Pkwy,,
104,5765dd0acd10499ca2410ddd,Brookshire Brothers,701 E Princeton Drive,33.173232,-96.491896,75407,US,Princeton,TX,United States,52f2ab2ebcbc57f1066b8b46,Supermarket,,,
105,4b6d98e7f964a520fe7e2ce3,Kroger,1919 Faithon P Lucas SR Blvd,32.7444927,-96.5533258,75181,US,Mesquite,TX,United States,52f2ab2ebcbc57f1066b8b46,Supermarket,Faithon P Lucas and Clay Mathis,,
107,4bc0b81c920eb713bb65192c,ALDI,3500 Lakeview Pkwy,32.906172342151415,-96.56843483448029,75088,US,Rowlett,TX,United States,52f2ab2ebcbc57f1066b8b46,Supermarket,at Rowlett Rd.,,
108,5a0c0bc469e77b31cb00e59b,Walmart Garden Center,782 E Interstate 30,32.902041,-96.461769,75087,US,Rockwall,TX,United States,52f2ab2ebcbc57f1066b8b46,Supermarket,,,
109,56d8cadc498e97c61a6b1180,Walmart Neighborhood Market,8800 Lakeview Parkway,32.916359256689944,-96.51935577392578,75088,US,Rowlett,TX,United States,52f2ab2ebcbc57f1066b8b46,Supermarket,,,
110,4cb0db42ef1b3704b4a83e00,Walmart Supercenter,8801 State Highway 34 S,32.9086313349869,-96.12590003443462,75474,US,Quinlan,TX,United States,52f2ab2ebcbc57f1066b8b46,Supermarket,,,
111,4b295ce1f964a520a29d24e3,Walmart Supercenter,2501 Lakeview Pkwy,32.910520600121245,-96.5777075209886,75088,US,Rowlett,TX,United States,52f2ab2ebcbc57f1066b8b46,Supermarket,,,
112,4be588a7cf200f47ec4c133c,Walmart Supercenter,115 West Fm 544,33.013668825771404,-96.6152345443269,75094,US,Murphy,TX,United States,52f2ab2ebcbc57f1066b8b46,Supermarket,Murphy Rd,,
113,4ba6c6e1f964a520086f39e3,Kroger,1406 W Walnut St,32.9145798,-96.649883,75042,US,Garland,TX,United States,52f2ab2ebcbc57f1066b8b46,Supermarket,at Garland Ave.,,
114,4b2a949ff964a520c7ab24e3,Walmart Supercenter,5302 N Garland Ave,32.96235813696417,-96.64293792404276,75040,US,Garland,TX,United States,52f2ab2ebcbc57f1066b8b46,Supermarket,,,
116,4ded026122719aa55245c60c,Walmart Supercenter,802 E Us Highway 80,32.74469514,-96.44603292,75126,US,Forney,TX,United States,52f2ab2ebcbc57f1066b8b46,Supermarket,,,
117,4c348e3b452620a10b44250f,ALDI,1518 W Buckingham Rd,32.93006155451923,-96.65101870894432,75042,US,Garland,TX,United States,52f2ab2ebcbc57f1066b8b46,Supermarket,at Garland Ave,,
118,545a9647498e946379b56ec7,ALDI,895 N FM 548,32.751448,-96.444431,75126,US,Forney,TX,United States,52f2ab2ebcbc57f1066b8b46,Supermarket,,,
119,4b6987b7f964a5201ca62be3,Walmart Supercenter,800 S Highway 287,33.228254789048066,-97.59663729401804,76234,US,Decatur,TX,United States,52f2ab2ebcbc57f1066b8b46,Supermarket,,,
120,50a3afc7e4b09e8a90c1266e,Walmart Supercenter,2401 Avondale Haslet Road,32.96740496410291,-97.41160117793304,76052,US,Haslet,TX,United States,52f2ab2ebcbc57f1066b8b46,Supermarket,,,
121,5dc5d21b262c8b00087cae25,Lowe's Market,303 W Franklin St,33.359130859375,-97.69776153564453,76225,US,Alvord,TX,United States,52f2ab2ebcbc57f1066b8b46,Supermarket,,,
122,4c588ec22091a593fcce5ad0,Super Save Foods,1st Street,33.08571038599615,-97.3061915737464,76247,US,Justin,TX,United States,52f2ab2ebcbc57f1066b8b46,Supermarket,,,
123,5dc5d21aa2d537000771ba49,Lowe's Market,200 W Rock Island Ave,33.078086853027344,-97.56678771972656,76023,US,Boyd,TX,United States,52f2ab2ebcbc57f1066b8b46,Supermarket,,,
124,5dc5d21ba2d537000771bad2,Lowe's Market,1501 Halsell St,33.21061325073242,-97.75193786621094,76426,US,Bridgeport,TX,United States,52f2ab2ebcbc57f1066b8b46,Supermarket,,,
125,5dc5d21b3314640008cea887,Lowe's Market,100 E Maginnis St,33.29349899291992,-97.79690551757812,76431,US,Chico,TX,United States,52f2ab2ebcbc57f1066b8b46,Supermarket,,,
128,4b5b354df964a5204aeb28e3,Kroger,6850 N Shiloh Rd,32.9770984,-96.6640319,75044,US,Garland,TX,United States,52f2ab2ebcbc57f1066b8b46,Supermarket,at Campbell Rd,,
129,55e23a35498e10ec1fef61ab,Winco Foods,1122 W Centerville Rd,32.85513695042885,-96.64418664038715,75041,US,Garland,TX,United States,52f2ab2ebcbc57f1066b8b46,Supermarket,,,
130,4c6af8356d390f472bb4099a,Fiesta Mart,2940 S 1st St,32.88033840151372,-96.63002506815153,75041,US,Garland,TX,United States,52f2ab2ebcbc57f1066b8b46,Supermarket,at E Kingsley Rd,,
131,5244336a498e47be15c833f1,Walmart Neighborhood Market,1855 S Garland Ave,32.89604405728547,-96.64949154417188,75040,US,Garland,TX,United States,52f2ab2ebcbc57f1066b8b46,Supermarket,,,
133,4bcf290377b29c74977c8882,Walmart Neighborhood Market,3959 Broadway Blvd,32.86485000648934,-96.60664919827406,75043,US,Garland,TX,United States,52f2ab2ebcbc57f1066b8b46,Supermarket,,,
135,4ba3dd37f964a520ea6738e3,ALDI,1601 W Northwest Hwy,32.864545910027935,-96.65217465848846,75041,US,Garland,TX,United States,52f2ab2ebcbc57f1066b8b46,Supermarket,Jackson Drive,,
143,527d2437498e205283af7a43,H Mart,3320 K Ave,33.03901155695478,-96.69705910986846,75074,US,Plano,TX,United States,52f2ab2ebcbc57f1066b8b46,Supermarket,,,
146,4bb52dc546d4a593afb0c4c0,Kroger,10677 E Northwest Hwy,32.8653178,-96.7017357,75238,US,Dallas,TX,United States,52f2ab2ebcbc57f1066b8b46,Supermarket,at Plano Rd,,
148,4ba593dff964a520ce1339e3,Tom Thumb,925 Northwest Hwy,32.8623445,-96.6431636,75041,US,Garland,TX,United States,52f2ab2ebcbc57f1066b8b46,Supermarket,,,
154,4ada2f4ef964a520ae1f21e3,Fiesta Mart Inc,1200 E Parker Rd,33.03696681594249,-96.6962033042686,75074,US,Plano,TX,United States,52f2ab2ebcbc57f1066b8b46,Supermarket,at K Ave.,,
155,4c48e0866594be9a5b3b5124,Albertsons,2165 E Buckingham Dr,32.9323894,-96.6837984,75081,US,Richardson,TX,United States,52f2ab2ebcbc57f1066b8b46,Supermarket,at Jupiter Rd.,,
156,504a08bee4b0831d8a9b8a2c,Walmart Neighborhood Market,3513 E Park Blvd,33.03210427608628,-96.66620606854599,75074,US,Plano,TX,United States,52f2ab2ebcbc57f1066b8b46,Supermarket,,,
161,4c449e5236d6a59307bd6aa8,99 Ranch Market,131 W Spring Creek Pkwy,33.05898878400217,-96.69486742972323,75023,US,Plano,TX,United States,52f2ab2ebcbc57f1066b8b46,Supermarket,Spring Creek & 75,,
163,4a9c7cc8f964a5205b3720e3,Albertsons,320 Casa Linda Plaza,32.833832454908126,-96.70007396382735,75218,US,Dallas,TX,United States,52f2ab2ebcbc57f1066b8b46,Supermarket,at Buckner Blvd.,,
165,4bf9c1225ec320a1e6ce8ad3,Kroger,532 W Interstate 30,32.8376105,-96.5968458,75043,US,Garland,TX,United States,52f2ab2ebcbc57f1066b8b46,Supermarket,Broadway Blvd,,
167,4b63bd01f964a520178f2ae3,Walmart Neighborhood Market,2275 Gus Thomasson Rd,32.83568307827523,-96.67632761582938,75228,US,Dallas,TX,United States,52f2ab2ebcbc57f1066b8b46,Supermarket,,,
169,4b6cc2e6f964a52081522ce3,Kroger,525 N Galloway Ave,32.771852560199015,-96.60001180644956,75149,US,Mesquite,TX,United States,52f2ab2ebcbc57f1066b8b46,Supermarket,at W. Kearney St.,,
170,4b9e8cfdf964a5202dee36e3,Walmart Neighborhood Market,915 N Town East Blvd,32.812966643489546,-96.60983877269382,75150,US,Mesquite,TX,United States,52f2ab2ebcbc57f1066b8b46,Supermarket,,,
173,4bde2f9ef5eab713841b2ef8,Kroger,3600 Gus Thomasson Rd Ste 150,32.8137935,-96.6333082,75150,US,Mesquite,TX,United States,52f2ab2ebcbc57f1066b8b46,Supermarket,,,
174,5a0bd0f893bd6311389e30d3,Walmart Garden Center,1801 Marketplace Dr,32.8630502,-96.652042,75041,US,Garland,TX,United States,52f2ab2ebcbc57f1066b8b46,Supermarket,,,
176,4b2ff586f964a52064f324e3,Walmart Supercenter,1801 Marketplace Dr,32.8628133318584,-96.65230183580155,75041,US,Garland,TX,United States,52f2ab2ebcbc57f1066b8b46,Supermarket,,,
177,4b36b450f964a520fd3a25e3,El Rancho Supermercado,2550 Gus Thomasson Rd,32.83400582473103,-96.67247569708839,75228,US,Dallas,TX,United States,52f2ab2ebcbc57f1066b8b46,Supermarket,,,
179,4c07cf2da9c076b050753923,ALDI,2400 K Ave,33.0298477,-96.698348,75074,US,Plano,TX,United States,52f2ab2ebcbc57f1066b8b46,Supermarket,at E Park Blvd,,
180,4bec99078bbcc928e1868cb1,Albertsons,5710 Broadway Blvd,32.8460916,-96.5939391,75043,US,Garland,TX,United States,52f2ab2ebcbc57f1066b8b46,Supermarket,at Rowlet Rd,,
181,593fce9686f4cc4a04afea01,Walmart Neighborhood Market,1951 Military Pkwy,32.7690190332357,-96.62840063031317,75149,US,Mesquite,TX,United States,52f2ab2ebcbc57f1066b8b46,Supermarket,Peachtree,,
184,4b5c9681f964a5204a3829e3,Albertsons,2828 Motley Dr,32.803703,-96.6457209,75150,US,Mesquite,TX,United States,52f2ab2ebcbc57f1066b8b46,Supermarket,at N. Town East Blvd.,,
186,4b7f5130f964a520212730e3,Walmart Supercenter,555 W Interstate 30,32.842163105846595,-96.59781544268044,75043,US,Garland,TX,United States,52f2ab2ebcbc57f1066b8b46,Supermarket,at Broadway Blvd.,,
191,4b0da879f964a520554d23e3,Kroger,7100 Independence Pkwy,33.0734101,-96.7486109,75025,US,Plano,TX,United States,52f2ab2ebcbc57f1066b8b46,Supermarket,at Legacy Dr.,,
194,4b12db16f964a520898f23e3,Walmart Supercenter,6001 N Central Expy,33.05576551018384,-96.6978412156676,75023,US,Plano,TX,United States,52f2ab2ebcbc57f1066b8b46,Supermarket,,,
198,4bdc9a112a3a0f478598b3b6,Walmart Supercenter,200 Us Highway 80 E,32.789266004718755,-96.59885926584631,75149,US,Mesquite,TX,United States,52f2ab2ebcbc57f1066b8b46,Supermarket,,,
202,5a0a089416fa043151795ae2,Walmart Garden Center,7401 Samuell Blvd,32.793803,-96.689232,75228,US,Dallas,TX,United States,52f2ab2ebcbc57f1066b8b46,Supermarket,,,
204,4b60d126f964a52052fb29e3,Walmart Supercenter,7401 Samuell Blvd,32.79429794991151,-96.68958226181532,75228,US,Dallas,TX,United States,52f2ab2ebcbc57f1066b8b46,Supermarket,,,
205,51f9c458498e1f45a9d81473,El Rancho Supermercado,4121 Gaston Ave,32.79506181290087,-96.77688320207284,75246,US,Dallas,TX,United States,52f2ab2ebcbc57f1066b8b46,Supermarket,at N Haskell Av,,
206,5204ed47498e966f6b2bed5b,Trader Joe's,2001 Greenville Ave,32.814791361649974,-96.77048598872065,75206,US,Dallas,TX,United States,52f2ab2ebcbc57f1066b8b46,Supermarket,at Sears St,Lowest Greenville,
207,50c13635e4b0a18c01afca8d,Kroger,4241 Capitol Ave,32.80643774742219,-96.78904287492236,75204,US,Dallas,TX,United States,52f2ab2ebcbc57f1066b8b46,Supermarket,at N Peak St,,
208,56d89ae7cd1054a0b3fade4b,Trader Joe's,4525 Cole Ave,32.821883384766046,-96.78986469259834,75205,US,Dallas,TX,United States,52f2ab2ebcbc57f1066b8b46,Supermarket,,,
209,4b297f8bf964a520de9f24e3,Fiesta Mart,5334 Ross Ave,32.80926985665336,-96.77101972834552,75206,US,Dallas,TX,United States,52f2ab2ebcbc57f1066b8b46,Supermarket,at Henderson Av,,
210,585473a12a19825557d4478c,Tom Thumb,3878 Oak Lawn Ave Ste 180,32.8153899,-96.8008284,75219,US,Dallas,TX,United States,52f2ab2ebcbc57f1066b8b46,Supermarket,Blackburn,,
211,4afcaac1f964a520eb2422e3,Kroger,4142 Cedar Springs Rd,32.8132007,-96.8124138,75219,US,Dallas,TX,United States,52f2ab2ebcbc57f1066b8b46,Supermarket,at Douglas Ave.,,
212,4a93660ff964a520b61f20e3,Kroger,5665 E Mockingbird Ln,32.8383822,-96.7709681,75206,US,Dallas,TX,United States,52f2ab2ebcbc57f1066b8b46,Supermarket,at Greenville Ave,,
213,4f975ce4e4b01a1a3741e366,Kroger,4901 Maple Ave,32.8138846,-96.8298657,75235,US,Dallas,TX,United States,52f2ab2ebcbc57f1066b8b46,Supermarket,at Medical District Dr.,Medical District,
214,4aa6a9d2f964a5208a4a20e3,Walmart Neighborhood Market,2305 N Central Expy,32.80086043023722,-96.7939376939363,75204,US,Dallas,TX,United States,4bf58dd8d48988d118951735,Grocery Store,,Uptown,
215,4abb7bc1f964a520cf8320e3,Tom Thumb,6333 E Mockingbird Ln,32.8374945,-96.7543969,75214,US,Dallas,TX,United States,52f2ab2ebcbc57f1066b8b46,Supermarket,at Alderson St,,
216,4caccc0551399eb0aacace03,Tom Thumb,7117 Inwood Rd,32.8445,-96.8226018,75209,US,Dallas,TX,United States,52f2ab2ebcbc57f1066b8b46,Supermarket,at W. University Blvd.,,
217,4b8c49cbf964a520b7c832e3,El Rio Grande Latin Market,5308 Maple Ave,32.81763508587543,-96.83186373244561,75235,US,Dallas,TX,United States,52f2ab2ebcbc57f1066b8b46,Supermarket,at Hudnall St,,
218,4c3537db213c2d7f64e5395d,Fiesta Mart,611 W Jefferson Blvd,32.74373435806,-96.83295882715026,75208,US,Dallas,TX,United States,52f2ab2ebcbc57f1066b8b46,Supermarket,bt S Van Buren & Llewellyn Avs,,
239,536cc332498ece8def83f380,Trader Joe's,5550 W Lovers Lane,32.85065350883221,-96.8182536205708,75209,US,Dallas,TX,United States,4bf58dd8d48988d118951735,Grocery Store,at Greenway Blvd.,,
303,4bd7881435aad13a7c318ff3,New Truong Nguyen Supermarket,3555 W Walnut St,32.91837484001233,-96.68460288401505,75042,US,Garland,TX,United States,4bf58dd8d48988d118951735,Grocery Store,,,
318,4bf86311c07c9c742fd5bbef,Cali Saigon Mall,3212 N Jupiter Rd,32.94722800997871,-96.68124214782956,75044,US,Garland,TX,United States,4bf58dd8d48988d1fd941735,Shopping Mall,at Belt Line Rd.,,
356,54c116d8498e8262bc606416,Walmart Neighborhood Market,350 N Bluegrove Rd,32.59105787309555,-96.78657908030372,75146,US,Lancaster,TX,United States,52f2ab2ebcbc57f1066b8b46,Supermarket,Beltline,,
357,4b9ecb7bf964a5207c0237e3,Tom Thumb,1501 Pioneer Rd,32.7461781,-96.5860986,75149,US,Mesquite,TX,United States,52f2ab2ebcbc57f1066b8b46,Supermarket,at E. Cartright Rd.,,
358,534ed9f9498e06781ac1e3c6,WinCo Foods,800 S Cockrell Hill Rd,32.64531808471102,-96.88882659933445,75137,US,Duncanville,TX,United States,52f2ab2ebcbc57f1066b8b46,Supermarket,,,
359,4be6f564910020a1ccd0d414,Kroger,1001 North Beckley,32.6069241,-96.8251843,75115,US,DeSoto,TX,United States,52f2ab2ebcbc57f1066b8b46,Supermarket,at E. Pleasant Run Rd.,,
360,4b3e2ee1f964a520429925e3,Albertsons,1500 S Beltline Rd,32.7453598,-96.595274,75149,US,Mesquite,TX,United States,52f2ab2ebcbc57f1066b8b46,Supermarket,at E. Cartwright Rd.,,
361,4bce3dc7c564ef3b1ffbedf0,Walmart Supercenter,220 N Highway 175,32.64971109,-96.53477222,75159,US,Seagoville,TX,United States,52f2ab2ebcbc57f1066b8b46,Supermarket,,,
362,4cf581e655e1370496c9c6b6,ALDI,8034 Chrysalis Dr,32.64890284126058,-96.85894869281145,75237,US,Dallas,TX,United States,52f2ab2ebcbc57f1066b8b46,Supermarket,at W. Wheatland Rd.,,
364,53b4adb1498ecca7432caa1f,ALDI,102 W Pleasant Run Rd,32.6031712,-96.8580109,75115,US,DeSoto,TX,United States,52f2ab2ebcbc57f1066b8b46,Supermarket,,,
365,4b17f08df964a520f7c923e3,Kroger,11925 Elam Rd,32.7202005,-96.6208434,75180,US,Mesquite,TX,United States,52f2ab2ebcbc57f1066b8b46,Supermarket,I-635,,
367,4b9c51c3f964a520175f36e3,Tom Thumb,633 W Wheatland Rd,32.6481094,-96.9230181,75116,US,Duncanville,TX,United States,52f2ab2ebcbc57f1066b8b46,Supermarket,at S Cedar Ridge Dr,,
369,4f8044d3e4b0c0cb0336b3b1,ALDI,805 E Belt Line Rd,32.590496025755456,-96.9248815227865,75104,US,Cedar Hill,TX,United States,52f2ab2ebcbc57f1066b8b46,Supermarket,,,
371,4ba63632f964a520f63b39e3,El Rio Grande Latin Market,2515 W Jefferson Blvd #300,32.74885414729656,-96.8588177305769,75211,US,Dallas,TX,United States,52f2ab2ebcbc57f1066b8b46,Supermarket,,,
374,568c2ec7498e5863960a9ca1,Walmart Neighborhood Market,820 E Belt Line Rd,32.58861780079795,-96.92448010080756,75104,US,Cedar Hill,TX,United States,52f2ab2ebcbc57f1066b8b46,Supermarket,,,
375,56d8c5e8498efc5342e78b2d,Walmart Neighborhood Market,108 W. Parkerville Road,32.57480870717866,-96.85849428176878,75115,US,DeSoto,TX,United States,52f2ab2ebcbc57f1066b8b46,Supermarket,,,
379,4db18c76fa8ca4b3e9f9b688,Walmart Supercenter,951 W Belt Line Rd,32.59261199273748,-96.87954387301255,75115,US,DeSoto,TX,United States,52f2ab2ebcbc57f1066b8b46,Supermarket,,,
380,4b0703f5f964a5207cf522e3,Tom Thumb,315 S Hampton Rd,32.742651,-96.8579407,75208,US,Dallas,TX,United States,52f2ab2ebcbc57f1066b8b46,Supermarket,at Wentworth St,,
384,4b92a423f964a520b80c34e3,Albertsons,427 E FM 1382,32.5930461,-96.9351707,75104,US,Cedar Hill,TX,United States,52f2ab2ebcbc57f1066b8b46,Supermarket,at E. Belt Line Rd.,,
387,4f0ddb77e4b0a8783dc7eaa2,Walmart Supercenter,100 Ryan Drive,32.53423228626725,-96.81596437567984,75154,US,Red Oak,TX,United States,52f2ab2ebcbc57f1066b8b46,Supermarket,,,
391,4b70aae8f964a52094282de3,Tom Thumb,4215 S Carrier Pkwy,32.6712253,-97.0034707,75052,US,Grand Prairie,TX,United States,52f2ab2ebcbc57f1066b8b46,Supermarket,,,
392,4b833f87f964a52017ff30e3,Kroger,235 E FM 1382,32.598520642688385,-96.9395157847066,75104,US,Cedar Hill,TX,United States,52f2ab2ebcbc57f1066b8b46,Supermarket,US Hwy 67,,
393,57812afe498e4ac40c950dbb,Brookshire Brothers,610 S Central St,32.528276,-96.663613,75125,US,Ferris,TX,United States,52f2ab2ebcbc57f1066b8b46,Supermarket,,,
394,4bfea8ba05672d7fe07a0a04,Kroger,200 W Camp Wisdom Rd,32.6609136,-96.9089234,75116,US,Duncanville,TX,United States,52f2ab2ebcbc57f1066b8b46,Supermarket,,,
395,5a0f496612f0a9326348f3d0,Kroger Marketplace,2200 FM 663,32.458383350346125,-96.9929643663253,76065,US,Midlothian,TX,United States,52f2ab2ebcbc57f1066b8b46,Supermarket,,,
396,51803b2cb8ac9fdf4324ca35,Walmart Neighborhood Market,2827 S. Buckner Blvd,32.75991037276759,-96.68420069606799,75227,US,Pleasant Grove,TX,United States,52f2ab2ebcbc57f1066b8b46,Supermarket,,,
400,4c9540a8533aa093b76bc745,ALDI,333 S Cedar Ridge Dr,32.648137298209875,-96.92616092654353,75116,US,Duncanville,TX,United States,52f2ab2ebcbc57f1066b8b46,Supermarket,at W Wheatland Rd,,
404,4b0390a9f964a520ca4f22e3,Walmart Supercenter,150 N Interstate 35 E,32.59255020787606,-96.81973149680242,75146,US,Lancaster,TX,United States,52f2ab2ebcbc57f1066b8b46,Supermarket,,,
407,4d72f6058e12b1f7a0a84305,Walmart Supercenter,12300 Lake June Rd,32.732506387356686,-96.6154296877766,75180,US,Balch Springs,TX,United States,52f2ab2ebcbc57f1066b8b46,Supermarket,,,
413,5356b61011d2a653323d9e6c,Walmart Supercenter,7075 W Wheatland Rd,32.64939610529123,-96.94389172912557,75249,US,Dallas,TX,United States,52f2ab2ebcbc57f1066b8b46,Supermarket,,,
414,4bca1049937ca5936a03a792,ALDI,424 E Pioneer Pkwy,32.70999842800291,-96.99958841611988,75051,US,Grand Prairie,TX,United States,52f2ab2ebcbc57f1066b8b46,Supermarket,,,
415,5249bd8c11d2516dc961646c,Walmart Supercenter,200 Short Blvd,32.68402522028972,-96.82546315702143,75232,US,Dallas,TX,United States,52f2ab2ebcbc57f1066b8b46,Supermarket,,,
416,4ba6387ef964a520b83c39e3,Kroger,752 Wynnewood Village Shp Ctr,32.7258176,-96.8327759,75224,US,Dallas,TX,United States,52f2ab2ebcbc57f1066b8b46,Supermarket,at S. Llewellyn Ave.,,
420,4c3344c4a0ced13a164f166e,El Monterrey,1120 S Westmoreland Rd,32.733520404651955,-96.87386978923188,75211,US,Dallas,TX,United States,52f2ab2ebcbc57f1066b8b46,Supermarket,,,
421,4be715accf200f470740153c,ALDI,2926 S Buckner Blvd,32.76190101405775,-96.68224062308815,75227,US,Dallas,TX,United States,52f2ab2ebcbc57f1066b8b46,Supermarket,at Scyene Rd,,
424,57d9ea45498e66deb9ce5f5b,Spring Market Fuel Center,428 N Dallas St,32.43707504115732,-96.66912019936599,75152,US,Palmer,TX,United States,4bf58dd8d48988d113951735,Gas Station,N Stacks,,
427,4b85f82af964a520ff7b31e3,Kroger,313 E Pioneer Pkwy,32.7082316,-97.0010461,75051,US,Grand Prairie,TX,United States,52f2ab2ebcbc57f1066b8b46,Supermarket,Corn Valley,,
429,4b5a58bbf964a520f5be28e3,Walmart Supercenter,621 Uptown Blvd,32.59782012436273,-96.9467124751403,75104,US,Cedar Hill,TX,United States,52f2ab2ebcbc57f1066b8b46,Supermarket,,,
431,4c69ef2c35d3be9ab9c42006,MINYARD,550 E Wheatland Rd,32.64679303954706,-96.90018914245448,75116,US,Duncanville,TX,United States,52f2ab2ebcbc57f1066b8b46,Supermarket,,,
433,57812aca498e81c423604688,Brookshire Brothers,102 W Gleason St,32.627546,-96.456099,75114,US,Crandall,TX,United States,52f2ab2ebcbc57f1066b8b46,Supermarket,,,
436,4b0d73e0f964a5209e4823e3,Walmart Supercenter,1200 N Highway 77,32.41712396252661,-96.83836162870102,75165,US,Waxahachie,TX,United States,52f2ab2ebcbc57f1066b8b46,Supermarket,,,
437,4eb1aa57f790c3b572580167,Walmart,3155 W Wheatland Rd,32.64919825,-96.8727159,75237,US,Dallas,TX,United States,52f2ab2ebcbc57f1066b8b46,Supermarket,,,
438,4b60a840f964a5209bf229e3,Walmart Supercenter,400 N Highway 67,32.48566694358337,-97.00625419452746,76065,US,Midlothian,TX,United States,52f2ab2ebcbc57f1066b8b46,Supermarket,,,
439,4c2616c0a852c928c1eae56c,ALDI,2440 W Illinois Ave,32.71930646847556,-96.85786985220025,75233,US,Dallas,TX,United States,52f2ab2ebcbc57f1066b8b46,Supermarket,at S. Hampton Rd.,,
440,4c784e692d3ba14324918ad0,Jerry's super market,1723 singleton,32.778793,-96.846902,,US,Dallas,TX,United States,52f2ab2ebcbc57f1066b8b46,Supermarket,Navarro,,
446,57ba0475498edb849bcc0fa9,ALDI,401 N Highway 77 Ste B,32.40697247843067,-96.84408063558197,75165,US,Waxahachie,TX,United States,52f2ab2ebcbc57f1066b8b46,Supermarket,,,
447,5aa630f9d48ec164c196c341,Fiesta Mart,610 Ferris Ave,32.39308446101334,-96.84691233560443,75165,US,Waxahachie,TX,United States,52f2ab2ebcbc57f1066b8b46,Supermarket,,,
449,4b329b94f964a520dd0f25e3,Walmart Supercenter,1521 N Cockrell Hill Rd,32.76307446206835,-96.89746644699069,75211,US,Dallas,TX,United States,52f2ab2ebcbc57f1066b8b46,Supermarket,,,
451,4b0fdf78f964a520b86523e3,Walmart Supercenter,700 E Ennis Ave,32.3328644,-96.62065154,75119,US,Ennis,TX,United States,52f2ab2ebcbc57f1066b8b46,Supermarket,,,
454,5c995889e96d0c002c3b4a4d,Supermercado El Rancho,,32.707195,-96.993225,75052,US,Grand Prairie,TX,United States,52f2ab2ebcbc57f1066b8b46,Supermarket,,,
455,5a0ce0c0a5a3153b49b12699,Walmart Garden Center,9410 Webb Chapel Rd,32.862217,-96.856976,75220,US,Dallas,TX,United States,52f2ab2ebcbc57f1066b8b46,Supermarket,,,
457,50ca90a2e4b0881a663ad4bf,Walmart Supercenter,9410 Webb Chapel Rd,32.86217048584277,-96.8570926328939,75220,US,Dallas,TX,United States,52f2ab2ebcbc57f1066b8b46,Supermarket,,,
500,4c7a9665df08a1cd8e28de5d,Jerry's Supermarket,2314 W Illinois Ave,32.719264,-96.85614100000001,75224,US,Dallas,TX,United States,4bf58dd8d48988d118951735,Grocery Store,,,
512,4b439422f964a520a2e325e3,Kroger,515 S MacArthur Blvd,32.809377,-96.9605246,75060,US,Irving,TX,United States,52f2ab2ebcbc57f1066b8b46,Supermarket,W 6th St,,
516,4bc38a5b4cdfc9b6c17f9721,Fiesta Mart,1145 W Airport Fwy,32.83798000087295,-96.9610302962989,75062,US,Irving,TX,United States,52f2ab2ebcbc57f1066b8b46,Supermarket,at N MacArthur Blvd.,,
552,4c0ab0807e3fc928b913f482,Terry's Supermarket,303 E Camp Wisdom Rd,32.66241454606089,-96.90266813368682,75116,US,Duncanville,TX,United States,4bf58dd8d48988d1ff941735,Miscellaneous Shop,,,
553,4bcb426d937ca5934528a992,Tom Thumb,4010 N MacArthur Blvd,32.8598617,-96.9572287,75038,US,Irving,TX,United States,52f2ab2ebcbc57f1066b8b46,Supermarket,at W. Northgate Dr.,,
555,4b6052ccf964a52091df29e3,Kroger,2201 W Grauwyler Rd,32.829279932471955,-96.97512037117302,75061,US,Irving,TX,United States,52f2ab2ebcbc57f1066b8b46,Supermarket,at N Story Rd,,
556,4b5524acf964a520bbdc27e3,Kroger,7505 N MacArthur Blvd,32.9087247,-96.9611122,75063,US,Irving,TX,United States,52f2ab2ebcbc57f1066b8b46,Supermarket,at Kinwest Pkwy.,MaCarthur Park at Las Colinas,
558,4b5bbbaff964a5200a1329e3,Kroger,3612 N Belt Line Rd,32.8550297,-96.9907241,75062,US,Irving,TX,United States,52f2ab2ebcbc57f1066b8b46,Supermarket,at W. Northgate Dr.,,
560,4ae8ee74f964a5207bb321e3,Walmart Supercenter,4100 W Airport Fwy,32.83537547322326,-97.00621221157064,75062,US,Irving,TX,United States,52f2ab2ebcbc57f1066b8b46,Supermarket,,,
561,5a0d1d7bea1e443ca29d0e68,Walmart Garden Center,4100 W Airport Fwy,32.834833,-97.00636,75062,US,Irving,TX,United States,52f2ab2ebcbc57f1066b8b46,Supermarket,,,
562,4b203d84f964a520312f24e3,Walmart,1635 Market Place Blvd.,32.920264634529346,-96.96745158435134,75063,US,Irving,TX,United States,52f2ab2ebcbc57f1066b8b46,Supermarket,,,
563,591cb5519ba3e51d3fe6d456,World Class Distribution,5101 Frye Rd,32.819328000000006,-97.021713,75061,US,Irving,TX,United States,52f2ab2ebcbc57f1066b8b46,Supermarket,,,
564,4bbd194aa0a0c9b679401b0f,Tom Thumb,106 N Denton Tap Rd,32.9707557,-96.9921587,75019,US,Coppell,TX,United States,52f2ab2ebcbc57f1066b8b46,Supermarket,,,
565,4a9c7208f964a520363720e3,Albertsons,1155 N Main St,32.8534079,-97.0835219,76039,US,Euless,TX,United States,52f2ab2ebcbc57f1066b8b46,Supermarket,Harwood Rd.,,
566,4af0842af964a520d8dc21e3,Kroger,1060 N Main St,32.8506588,-97.0806746,76039,US,Euless,TX,United States,52f2ab2ebcbc57f1066b8b46,Supermarket,at E. Harwood Rd.,,
607,5943055f67a9fe24f1b39c7e,Walmart,Arkansas & 161,32.707051645239986,-97.02103000760299,75052,US,Grand Prairie,TX,United States,52f2ab2ebcbc57f1066b8b46,Supermarket,,,
608,4be1bc01a145c92869654e80,Hong Kong Market,2615 W Pioneer Pkwy,32.7101599493229,-97.04500659064978,75051,US,Grand Prairie,TX,United States,52f2ab2ebcbc57f1066b8b46,Supermarket,at Great Southwest Pkwy,,
615,4d8b6f976ce6a35d2e977542,Kroger,514 S Carrier Pkwy,32.7403205,-97.0169413,75051,US,Grand Prairie,TX,United States,52f2ab2ebcbc57f1066b8b46,Supermarket,,,
619,4c41fb1b3735be9acb4319a4,Albertsons,215 N Carrier Pkwy,32.7438392,-97.0178833,75050,US,Grand Prairie,TX,United States,52f2ab2ebcbc57f1066b8b46,Supermarket,Dalworth St.,,
634,5935fbbbbe57633aab940352,Walmart Supercenter,2650 State Hwy 161,32.7103383,-97.0252133,75052,US,Grand Prairie,TX,United States,52f2ab2ebcbc57f1066b8b46,Supermarket,,,
680,4c392bd11e06d13ad23a793e,Terry's Supermarket,4444 W Illinois Ave,32.720117,-96.892669,75211,US,Dallas,TX,United States,4bf58dd8d48988d118951735,Grocery Store,,,
687,4b7366aff964a520b9ac2de3,Albertsons,4126 S Carrier Pkwy,32.6724972,-97.0081455,75052,US,Grand Prairie,TX,United States,52f2ab2ebcbc57f1066b8b46,Supermarket,I-20,,
690,4b699a33f964a52030a92be3,Tom Thumb,2755 N Collins St,32.7833881,-97.0934462,76006,US,Arlington,TX,United States,52f2ab2ebcbc57f1066b8b46,Supermarket,at N.E. Green Oaks Blvd.,,
701,4b5241faf964a5202c7327e3,Kroger,2350 SE Green Oaks Blvd,32.6593111,-97.0662419,76018,US,Arlington,TX,United States,52f2ab2ebcbc57f1066b8b46,Supermarket,at S. Great S.W. Pkwy.,,
703,4bd26e0677b29c743fde8e82,Kroger,2580 E Arkansas Ln,32.704552,-97.0650758,76014,US,Arlington,TX,United States,52f2ab2ebcbc57f1066b8b46,Supermarket,Hwy 360,,
704,4b0b6019f964a520f73023e3,Kroger,945 W Lamar Blvd,32.762798,-97.1180085,76012,US,Arlington,TX,United States,52f2ab2ebcbc57f1066b8b46,Supermarket,at N. Cooper St.,,
710,4b521c7bf964a520c16827e3,Kroger,2475 Ascension Blvd,32.7750116,-97.0817338,76006,US,Arlington,TX,United States,52f2ab2ebcbc57f1066b8b46,Supermarket,Brown Blvd,,
711,50b4dfc621c684eec9249f64,Kroger,2525 W Interstate 20,32.6735436,-97.0425528,75052,US,Grand Prairie,TX,United States,52f2ab2ebcbc57f1066b8b46,Supermarket,,,
714,57edb8c6498e52e06eda649b,WinCo Foods,,32.67353402389601,-97.13911171918606,76017,US,Arlington,TX,United States,52f2ab2ebcbc57f1066b8b46,Supermarket,,,
716,4bbd1db9a0a0c9b625481b0f,Tom Thumb,2611 W Park Row Dr,32.72275656143119,-97.15037763118744,76013,US,Arlington,TX,United States,52f2ab2ebcbc57f1066b8b46,Supermarket,at S. Bowen Rd.,,
720,4c09469abbc676b02feb47d5,Kroger,5330 S Cooper St,32.66060401937263,-97.13608869911468,76017,US,Arlington,TX,United States,52f2ab2ebcbc57f1066b8b46,Supermarket,at S.W. Green Oaks Blvd.,,
723,4db877460437609120ec4f0f,Kroger Marketplace,3300 E Broad St,32.5738864,-97.0834569,76063,US,Mansfield,TX,United States,52f2ab2ebcbc57f1066b8b46,Supermarket,at State Hwy. 360,,
724,4df5543952b100c2d8010c25,Super Mercado Monterrey,2000 E Pioneer Pkwy #100,32.710605,-97.07551099999999,76010,US,Arlington,TX,United States,52f2ab2ebcbc57f1066b8b46,Supermarket,,,
725,50f6d4a4e4b0775f26eddeb1,Walmart Neighborhood Market,2121 N Collins St,32.76813703238098,-97.0957722584593,76011,US,Arlington,TX,United States,52f2ab2ebcbc57f1066b8b46,Supermarket,,,
728,57f51923498e574bd2b56c89,Winco Foods,I-20 and Cooper,32.67305,-97.13687,76017,US,Arlington,TX,United States,52f2ab2ebcbc57f1066b8b46,Supermarket,,,
729,4b47bcf4f964a5209b3c26e3,Kroger,950 E Sandy Lake Rd,32.9707789,-96.9609582,75019,US,Coppell,TX,United States,52f2ab2ebcbc57f1066b8b46,Supermarket,at N. MacArthur Blvd.,,
731,52a0bf8b498e227730dc2a49,ALDI,1620 Eastchase Pkwy,32.756165026903524,-97.17042982578278,76120,US,Fort Worth,TX,United States,52f2ab2ebcbc57f1066b8b46,Supermarket,Ederville,,
732,4b6ad6e1f964a520d1e22be3,Kroger,301 S Bowen Rd,32.7332362,-97.1486077,76013,US,Arlington,TX,United States,52f2ab2ebcbc57f1066b8b46,Supermarket,at W. Abram St.,,
733,4ed5ba3c0e01b2ee695dd19f,ALDI,1200 W Nathan Lowe Rd,32.65478757718437,-97.13298082351685,76017,US,Arlington,TX,United States,52f2ab2ebcbc57f1066b8b46,Supermarket,Nathan Lowe (Cooper),,
735,4b5a7825f964a52007c728e3,Walmart Supercenter,2225 W Interstate 20,32.673681547004364,-97.03645348548889,75052,US,Grand Prairie,TX,United States,52f2ab2ebcbc57f1066b8b46,Supermarket,,,
740,4b6ad629f964a520b5e22be3,Kroger,2210 S Fielder Rd,32.70789229805902,-97.13381990793096,76013,US,Arlington,TX,United States,52f2ab2ebcbc57f1066b8b46,Supermarket,at W Pioneer Pkwy.,,
744,4b5c8d6bf964a5202f3629e3,Kroger,3001 Matlock Rd,32.6076503,-97.1176447,76063,US,Mansfield,TX,United States,52f2ab2ebcbc57f1066b8b46,Supermarket,at Debbie Ln.,,
745,4c056211517d0f479776f415,ALDI,3018 Matlock Rd,32.607811574855496,-97.11545258760447,76063,US,Mansfield,TX,United States,52f2ab2ebcbc57f1066b8b46,Supermarket,at Mansfield Webb Rd,,
749,4e5bbf50a8098920b3dbf70e,Elrod's Cost Plus Supermarket,1655 New York Ave,32.72377898423244,-97.07065588587334,76010,US,Arlington,TX,United States,52f2ab2ebcbc57f1066b8b46,Supermarket,,,
750,597916a5dec1d6763f4e41cc,ALDI,2601 Bardin Rd,32.67164272,-97.04513662,75052,US,Grand Prairie,TX,United States,52f2ab2ebcbc57f1066b8b46,Supermarket,,,
755,4be1b9c4ae55a59325585b62,Walmart Supercenter,915 E Randol Mill Rd,32.75078163022451,-97.09511502769216,76011,US,Arlington,TX,United States,52f2ab2ebcbc57f1066b8b46,Supermarket,,,
761,4dbae9b16a23e294ba0717f9,Walmart Supercenter,4801 S Cooper St,32.668701944262416,-97.13265930917032,76017,US,Arlington,TX,United States,52f2ab2ebcbc57f1066b8b46,Supermarket,at W Bardin Rd,,
764,4bdcae60c79cc92839a787e9,Albertsons,5950 S Cooper St,32.6493218,-97.137159,76017,US,Arlington,TX,United States,52f2ab2ebcbc57f1066b8b46,Supermarket,at W Sublett Rd,,
765,4b50fb4af964a520cf3b27e3,Walmart Neighborhood Market,2610 W Pioneer Pkwy,32.70869674748165,-97.15046085391094,76013,US,Pantego,TX,United States,52f2ab2ebcbc57f1066b8b46,Supermarket,at S. Bowen Rd.,,
766,4b26d409f964a5208d8124e3,Walmart Neighborhood Market,735 W Sublett Rd,32.645715713996495,-97.11735770016828,76017,US,Arlington,TX,United States,52f2ab2ebcbc57f1066b8b46,Supermarket,at Matlock Rd.,,
771,4ba531eff964a52045ea38e3,Walmart Neighborhood Market,5401 Park Springs Blvd,32.65942888662116,-97.16552833475664,76017,US,Arlington,TX,United States,52f2ab2ebcbc57f1066b8b46,Supermarket,at SW Green Oaks Blvd.,,
772,4b43eb22f964a52004ee25e3,Walmart Supercenter,8401 Anderson Blvd,32.76418647135191,-97.16947972762672,76120,US,Fort Worth,TX,United States,52f2ab2ebcbc57f1066b8b46,Supermarket,,,
801,4bf84a905317a593b991ff7e,ALDI,1201 Airport Fwy,32.8353163,-97.1010233,76040,US,Euless,TX,United States,52f2ab2ebcbc57f1066b8b46,Supermarket,at S Industrial Blvd,,
813,4ca26d91750ca093fb341067,Albertsons,4000 Glade Rd,32.8826299,-97.1013516,76034,US,Colleyville,TX,United States,52f2ab2ebcbc57f1066b8b46,Supermarket,at Hwy. 121,,
823,4b5e6d9bf964a520478e29e3,Kroger,2109 Harwood Rd,32.8535554,-97.1334003,76021,US,Bedford,TX,United States,52f2ab2ebcbc57f1066b8b46,Supermarket,at Central Dr.,,
844,4bf99a884a67c928a12927cf,Walmart Neighborhood Market,2108 Bedford Rd,32.843756902692306,-97.13225245214065,76021,US,Bedford,TX,United States,52f2ab2ebcbc57f1066b8b46,Supermarket,,,
848,4ccc504b54f0b1f7647b15ca,Kroger,708 E Pipeline Rd,32.8225515,-97.1590355,76053,US,Hurst,TX,United States,52f2ab2ebcbc57f1066b8b46,Supermarket,,,
853,4bff1d2a369476b0906c8d1f,Albertsons,1300 Airport Freeway,32.8370712,-97.1503379,76022,US,Bedford,TX,United States,52f2ab2ebcbc57f1066b8b46,Supermarket,at Bedford Rd.,,
858,4b70dc9ff964a52011322de3,Tom Thumb,3300 Harwood Rd,32.85122507140561,-97.11409720881078,76021,US,Bedford,TX,United States,52f2ab2ebcbc57f1066b8b46,Supermarket,Hwy 121,,
859,4ad38cdcf964a520e9e420e3,Walmart Supercenter,4101 Highway 121,32.86422342,-97.10604072,76021,US,Bedford,TX,United States,52f2ab2ebcbc57f1066b8b46,Supermarket,,,
897,4af729fef964a520a80622e3,Ko'mart Marketplace,2240 Royal Ln Ste 306B,32.8949372663665,-96.90321143015277,75229,US,Dallas,TX,United States,4bf58dd8d48988d113941735,Korean Restaurant,,,
972,4b475d17f964a520e22f26e3,Kroger,1310 Clarksville St,33.6579437,-95.5421371,75460,US,Paris,TX,United States,52f2ab2ebcbc57f1066b8b46,Supermarket,,,
973,4b465fb1f964a5200e1f26e3,Walmart Supercenter,3855 Lamar Ave,33.66345279204275,-95.50611964947038,75462,US,Paris,TX,United States,52f2ab2ebcbc57f1066b8b46,Supermarket,,,
974,597916b10fe7a0426eb6b14a,ALDI,3518 Lamar Ave,33.65921007,-95.51151842,75460,US,Paris,TX,United States,52f2ab2ebcbc57f1066b8b46,Supermarket,,,
975,4b23aca9f964a520e25724e3,Kroger,1592 S Loop 288,33.195245148019296,-97.09566326471759,76205,US,Denton,TX,United States,52f2ab2ebcbc57f1066b8b46,Supermarket,,,
976,51a548ff498ea32be860b7df,ALDI,1105 S Loop 288,33.20013801838214,-97.090446124339,76205,US,Denton,TX,United States,52f2ab2ebcbc57f1066b8b46,Supermarket,,,
977,4b6df1f4f964a520fa9d2ce3,Kroger,5021 Teasley Ln,33.1457721,-97.1022627,76210,US,Denton,TX,United States,52f2ab2ebcbc57f1066b8b46,Supermarket,at Hickory Creek Ln,,
978,5797c35d498e1adc105d2693,WinCo Foods,,33.2276748104088,-97.16684902976324,76201,US,Denton,TX,United States,52f2ab2ebcbc57f1066b8b46,Supermarket,,,
979,565e536a498e13526fd01073,ALDI,3851 FM 2181,33.1306229,-97.049905,75065,US,Lake Dallas,TX,United States,52f2ab2ebcbc57f1066b8b46,Supermarket,,,
980,4b04746df964a5204d5422e3,Kroger,500 W University Dr,33.2318731,-97.1373876,76201,US,Denton,TX,United States,52f2ab2ebcbc57f1066b8b46,Supermarket,at N. Carroll Blvd.,,
981,4bf712fc508c0f47a3423d31,Albertsons,4351 FM 2181,33.1315613,-97.0433565,76210,US,Corinth,TX,United States,52f2ab2ebcbc57f1066b8b46,Supermarket,,,
982,568c2f44498efc514a86263e,Walmart Neighborhood Market,3930 Teasley Ln,33.160046249743814,-97.10738777536513,76210,US,Denton,TX,United States,52f2ab2ebcbc57f1066b8b46,Supermarket,,,
983,5560b316498e0bddb7f707de,Kroger  Lantana Town Center,,33.074904001429246,-97.13001445193434,,US,,Texas,United States,52f2ab2ebcbc57f1066b8b46,Supermarket,,,
984,4b34f493f964a520562925e3,Tom Thumb,2301 Justin Rd,33.071529,-97.0640085,75028,US,Flower Mound,TX,United States,52f2ab2ebcbc57f1066b8b46,Supermarket,at Morriss Rd,,
985,4eaf4bfa4690488dabad76c3,Kroger Marketplace,2671 Little Elm Pkwy,33.1701117,-96.8906689,75068,US,Little Elm,TX,United States,52f2ab2ebcbc57f1066b8b46,Supermarket,,,
986,4ad2504af964a520dae020e3,Walmart Supercenter,3060 Justin Rd,33.07620784648163,-97.07869341909719,75077,US,Highland Village,TX,United States,52f2ab2ebcbc57f1066b8b46,Supermarket,,,
987,517248f6498e0949ba7dc206,Walmart Supercenter,11700 Us Highway 380,33.22787022481112,-96.98416338815954,76227,US,Crossroads,TX,United States,52f2ab2ebcbc57f1066b8b46,Supermarket,,,
988,554c00ba498e50850e22358a,WinCo Foods,Main Street,33.040238097978715,-97.02595832417377,,US,Lewisville,TX,United States,52f2ab2ebcbc57f1066b8b46,Supermarket,,,
989,4ad273c7f964a520b6e120e3,Walmart Supercenter,1515 S Loop 288,33.191631952675536,-97.09354272029204,76205,US,Denton,TX,United States,52f2ab2ebcbc57f1066b8b46,Supermarket,at Brinker Rd,,
990,4f4fb3a5e4b0162f4e3a1b0c,ALDI,2650 Little Elm Pkwy,33.1687703,-96.8926511,75068,US,Little Elm,TX,United States,52f2ab2ebcbc57f1066b8b46,Supermarket,,,
991,4b65ef01f964a5204f092be3,Market Street,11999 Dallas Pkwy,33.176908,-96.843093,75033,US,Frisco,TX,United States,52f2ab2ebcbc57f1066b8b46,Supermarket,at Eldorado Parkway,,
992,4b05da23f964a52066e422e3,Kroger,3205 Main St,33.151071259401775,-96.86175854520116,75034,US,Frisco,TX,United States,52f2ab2ebcbc57f1066b8b46,Supermarket,at Teel Pkwy,,
993,4b103822f964a5209c6b23e3,Albertsons,2321 W University Dr,33.2283697,-97.1629229,76201,US,Denton,TX,United States,52f2ab2ebcbc57f1066b8b46,Supermarket,at N. Bonnie Brae St.,,
994,4bb553852ea195213160aa2f,Kroger,2709 Cross Timbers Rd,33.03471084455643,-97.07209066317773,75028,US,Flower Mound,TX,United States,52f2ab2ebcbc57f1066b8b46,Supermarket,Long Prairie Road,,
995,4fb29c38e4b0e08c1e21be42,ALDI,1585 W Main St,33.0426175,-97.0348187,75067,US,Lewisville,TX,United States,52f2ab2ebcbc57f1066b8b46,Supermarket,,,
996,4b9415def964a520046734e3,Walmart Supercenter,1035 Hickory Creek Blvd,33.12791177796518,-97.04602047864877,75065,US,Hickory Creek,TX,United States,52f2ab2ebcbc57f1066b8b46,Supermarket,,,
997,4b8efa9ff964a520774233e3,Kroger,4851 Legacy Dr,33.11732115315503,-96.84130707015946,75034,US,Frisco,TX,United States,52f2ab2ebcbc57f1066b8b46,Supermarket,at Lebanon Rd.,,
998,4b17183df964a52038c223e3,Kroger,1101 Flower Mound Rd,33.009625,-97.0469303,75028,US,Flower Mound,TX,United States,52f2ab2ebcbc57f1066b8b46,Supermarket,Geralt,,
999,4b09ee86f964a520f81f23e3,Tom Thumb,745 Cross Timbers Rd,33.0411116,-97.038011,75028,US,Flower Mound,TX,United States,52f2ab2ebcbc57f1066b8b46,Supermarket,at Garden Ridge Blvd.,,
1000,5a0ce0a83b830770f3a5e090,Walmart Garden Center,11700 Us Highway 380,33.228007,-96.984024,76227,US,Crossroads,TX,United States,52f2ab2ebcbc57f1066b8b46,Supermarket,,,
1001,59d528ce48b04e49d7c73b26,Walmart Supercenter,355 Stonebrook Pkwy,33.14236557764077,-96.88946289029785,75034,US,Frisco,TX,United States,52f2ab2ebcbc57f1066b8b46,Supermarket,,,
1002,4adb5691f964a5201e2621e3,Walmart Neighborhood Market,1515 Justin Rd,33.072676231170234,-97.03820166927727,75077,US,Lewisville,TX,United States,52f2ab2ebcbc57f1066b8b46,Supermarket,at N Garden Ridge Blvd,,
1003,4b3ec655f964a520fda125e3,Tom Thumb,1075 W Round Grove Rd,33.0067384316653,-97.01699407431079,75067,US,Lewisville,TX,United States,52f2ab2ebcbc57f1066b8b46,Supermarket,S Valley Pkwy,,
1004,5bbd78d6c53093002cc62d89,ALDI,26617 US 380 East,33.2224991,-96.959534,76227,US,Providence Village,TX,United States,52f2ab2ebcbc57f1066b8b46,Supermarket,,,
1005,59b233f9e2ead104a14c385e,ALDI,1317 Ector St,33.22887441276722,-97.1557366847992,76201,US,Denton,TX,United States,52f2ab2ebcbc57f1066b8b46,Supermarket,,,
1006,4c2672fac11dc9b6e5032924,Walmart Supercenter,2750 W University Dr,33.23252785576653,-97.1680172538038,76201,US,Denton,TX,United States,52f2ab2ebcbc57f1066b8b46,Supermarket,,,
1007,4bcb1ccab6c49c74fa7c9191,Walmart Supercenter,12220 Fm 423,33.179902338458525,-96.88397597395972,75033,US,Frisco,TX,United States,52f2ab2ebcbc57f1066b8b46,Supermarket,,,
1008,4d1b5bf71683a143389c7c51,Market Street,700 N Denton Tap Rd,32.980607545047654,-97.00689286357638,75019,US,Coppell,TX,United States,52f2ab2ebcbc57f1066b8b46,Supermarket,Hwy 121,,
1009,4b8351e9f964a520530231e3,Kroger,6805 Main St,33.09810545968444,-96.89381058211438,75056,US,The Colony,TX,United States,52f2ab2ebcbc57f1066b8b46,Supermarket,at N Colony Blvd,,
1010,4ae8ededf964a52075b321e3,Walmart Supercenter,801 W Main St,33.04719545094338,-97.01348625478171,75067,US,Lewisville,TX,United States,52f2ab2ebcbc57f1066b8b46,Supermarket,,,
1011,4f17212be4b03802085ba208,Walmart Neighborhood Market,2800 Flower Mound Rd,33.01568707000608,-97.07204867110632,75022,US,Flower Mound,TX,United States,52f2ab2ebcbc57f1066b8b46,Supermarket,,,
1012,57a9f725498e19d6466f9ffc,Brookshire Brothers Pharmacy,750 S Hwy 377,33.389919,-96.952746,76258,US,Pilot Point,TX,United States,4bf58dd8d48988d10f951735,Pharmacy,,,
1013,57a9f725498ee2951c3c0c49,Brookshire Brothers,750 S Highway 377,33.389919,-96.952746,76258,US,Pilot Point,TX,United States,52f2ab2ebcbc57f1066b8b46,Supermarket,,,
1018,574dc284498e65bddb7a5862,Kroger Marketplace,1631 SW Wilshire Blvd,32.516641703362346,-97.34911585389563,76028,US,Burleson,TX,United States,52f2ab2ebcbc57f1066b8b46,Supermarket,,,
1020,5b3bdacf66f3cd002cfcaafc,Kroger,,32.64849045261919,-97.18908919752093,76017,US,Arlington,TX,United States,52f2ab2ebcbc57f1066b8b46,Supermarket,,,
1030,4d7a3f3318db6ea8401a5f53,Aldi,1201 SW Wilshire Blvd,32.523705475407155,-97.34367212873849,76028,US,Burleson,TX,United States,52f2ab2ebcbc57f1066b8b46,Supermarket,,,
1034,54ef148e498ed9a99152c69d,Walmart Neighborhood Market,965 Nw John Jones Dr,32.538237683378625,-97.36106961570358,76028,US,Burleson,TX,United States,52f2ab2ebcbc57f1066b8b46,Supermarket,,,
1035,4b8b39b1f964a5206c9832e3,Kroger,5701 W Pleasant Ridge Rd,32.6827477,-97.1934668,76016,US,Arlington,TX,United States,52f2ab2ebcbc57f1066b8b46,Supermarket,at Little Rd,,
1036,4bafee47f964a5209f2c3ce3,Kroger,1004 S Crowley Rd,32.5633212,-97.3539339,76036,US,Crowley,TX,United States,52f2ab2ebcbc57f1066b8b46,Supermarket,at F.M. 1187,,
1037,5283c05d11d25c1f6c996982,WinCo Foods,8000 Crowley Rd,32.63300561693519,-97.34965828948528,76134,US,Fort Worth,TX,United States,52f2ab2ebcbc57f1066b8b46,Supermarket,,,
1040,4fb6bc407beb233f7cf8baf5,Albertsons,833 NE Alsbury Blvd,32.5650381,-97.3222187,76028,US,Burleson,TX,United States,52f2ab2ebcbc57f1066b8b46,Supermarket,,,
1041,4b9fa3aef964a520c13037e3,Walmart Supercenter,930 N Walnut Creek Dr Ste 800,32.57603400837239,-97.1303679320981,76063,US,Mansfield,TX,United States,52f2ab2ebcbc57f1066b8b46,Supermarket,,,
1042,4ff1d608e4b081ec4174ff8e,David's,100 S Spears St,32.406581,-97.212826,76009,US,Alvarado,TX,United States,52f2ab2ebcbc57f1066b8b46,Supermarket,,,
1046,57ab61b9498e3fb01224fec3,ALDI,5045 Little School Rd,32.6654758,-97.205693,76017,US,Arlington,TX,United States,52f2ab2ebcbc57f1066b8b46,Supermarket,,,
1047,4fb6bc407beb233f7cf8babc,Albertsons,301 SW Plaza Shopping Center,32.6768894,-97.1999184,76016,US,Arlington,TX,United States,52f2ab2ebcbc57f1066b8b46,Supermarket,I20 & Little raod,,
1050,4b706970f964a520c6182de3,Albertsons,210 W Katherine P Raines Rd,32.38478463012583,-97.39454358821604,76033,US,Cleburne,TX,United States,52f2ab2ebcbc57f1066b8b46,Supermarket,,,
1053,57812b15498e9274e40a937b,Brookshire Brothers,109 N Main,32.308101,-97.013061,76064,US,Maypearl,TX,United States,52f2ab2ebcbc57f1066b8b46,Supermarket,,,
1060,4b2ea55bf964a52031e424e3,Albertsons,6220 US Hwy 287,32.6441124,-97.1861586,76001,US,Arlington,TX,United States,52f2ab2ebcbc57f1066b8b46,Supermarket,,,
1065,4b68be83f964a520698a2be3,Walmart Neighborhood Market,2951 Matlock Rd,32.605357249579384,-97.11648350868306,76063,US,Mansfield,TX,United States,52f2ab2ebcbc57f1066b8b46,Supermarket,at Debbie Ln.,,
1067,4fb6bc407beb233f7cf8bafd,Albertsons,210 W Katherine P Raines,32.38287994,-97.39505437,76033,US,Cleburne,TX,United States,52f2ab2ebcbc57f1066b8b46,Supermarket,,,
1068,57812ad9498e7f187eaceb31,Brookshire Brothers,313 E Criner St,32.270801,-97.178605,76050,US,Grandview,TX,United States,52f2ab2ebcbc57f1066b8b46,Supermarket,,,
1071,4f60e657e4b0d3b4941637d6,Walmart Supercenter,1221 Fm 1187,32.5767815682288,-97.33853560615677,76036,US,Crowley,TX,United States,52f2ab2ebcbc57f1066b8b46,Supermarket,,,
1073,4bca7f87511f9521a808b0c7,Kroger,1617 W Henderson St,32.33713362960676,-97.41306921912877,76033,US,Cleburne,TX,United States,52f2ab2ebcbc57f1066b8b46,Supermarket,,,
1081,4c13b7ccb7b9c92889ffa937,Walmart Supercenter,4800 Us 287 Highway,32.66686918076736,-97.20892875423702,76017,US,Arlington,TX,United States,52f2ab2ebcbc57f1066b8b46,Supermarket,at Little School Rd,,
1082,4bc6574cd35d9c7429a0e23a,Walmart Supercenter,951 Sw Wilshire Blvd,32.52822257,-97.33847232,76028,US,Burleson,TX,United States,52f2ab2ebcbc57f1066b8b46,Supermarket,,,
1087,4db6d8ab4df05e5aab0e9a93,Albertsons,850 E Loop 820,32.63732423543238,-97.30752900173573,76112,US,Fort Worth,TX,United States,4bf58dd8d48988d118951735,Grocery Store,,,
1088,4bdb6f2b2a3a0f47b416afb6,Walmart Supercenter,1616 W Henderson St,32.34091866085374,-97.41502704216741,76033,US,Cleburne,TX,United States,52f2ab2ebcbc57f1066b8b46,Supermarket,,,
1091,5377e2da498ec1ca19bac1b1,Brookshire Brothers,509 E Hwy 34,32.182825,-96.877813,76651,US,Italy,TX,United States,52f2ab2ebcbc57f1066b8b46,Supermarket,,,
1094,4b92c417f964a520be1934e3,Brookshire's,1106 S 3rd St,32.35505716158972,-96.10547082265263,75147,US,Mabank,TX,United States,52f2ab2ebcbc57f1066b8b46,Supermarket,,,
1095,5260358e11d2cffe424f3585,Walmart Supercenter,300 Kings Fort Parkway,32.569724838824925,-96.3075237632497,75142,US,Kaufman,TX,United States,52f2ab2ebcbc57f1066b8b46,Supermarket,,,
1096,4b5b7264f964a520c4fe28e3,Walmart Supercenter,1200 W Main St,32.33218282,-96.13509299,75156,US,Gun Barrel City,TX,United States,52f2ab2ebcbc57f1066b8b46,Supermarket,,,
1097,57812b27498e75cae7477604,David's,600 E Mulberry St,32.588345,-96.304573,75142,US,Kaufman,TX,United States,52f2ab2ebcbc57f1066b8b46,Supermarket,,,
1099,4bd4a6f56f649521d6d46dec,Albertsons,225 E Spring St,32.760406518359396,-97.79407936341158,76086,US,Weatherford,TX,United States,52f2ab2ebcbc57f1066b8b46,Supermarket,,,
1100,51592df6e4b01d0cd21dca23,Kroger,1420 E US Highway 377,32.453995027689224,-97.72695034267466,76048,US,Granbury,TX,United States,52f2ab2ebcbc57f1066b8b46,Supermarket,,,
1101,4b846de3f964a520e13431e3,Walmart Supercenter,1836 S Main St,32.73216757904212,-97.79444305226515,76086,US,Weatherford,TX,United States,52f2ab2ebcbc57f1066b8b46,Supermarket,,,
1102,5654eda9498e6cb3c09443db,ALDI,South Main Street,32.73736585314288,-97.79409798672448,76086,US,Weatherford,TX,United States,52f2ab2ebcbc57f1066b8b46,Supermarket,,,
1103,4c1cf6e6b4e62d7fd2dedb93,Walmart Supercenter,2801 E Interstate 20,32.75547468,-97.70983571,76087,US,Hudson Oaks,TX,United States,52f2ab2ebcbc57f1066b8b46,Supermarket,,,
1104,597916a4dee7706d2ffba657,ALDI,1710 S Main St,32.7370068,-97.7974522,76086,US,Weatherford,TX,United States,52f2ab2ebcbc57f1066b8b46,Supermarket,,,
1105,4b7740ccf964a520fb8b2ee3,Kroger,1420 E US Highway 377,32.43826534229987,-97.76651942357273,76048,US,Granbury,TX,United States,52f2ab2ebcbc57f1066b8b46,Supermarket,,,
1106,50b4dfc621c684eec9249f1d,Kroger,9114 Camp Bowie West Blvd,32.7257468,-97.4770474,76116,US,Fort Worth,TX,United States,52f2ab2ebcbc57f1066b8b46,Supermarket,at Loop 820,,
1107,4b75a89ef964a520cc1a2ee3,Albertsons,9300 Clifford St,32.76700745070859,-97.47930952909883,76108,US,Fort Worth,TX,United States,52f2ab2ebcbc57f1066b8b46,Supermarket,at Jim Wright Fwy.,,
1108,4af5c697f964a520acfc21e3,Albertsons,480 Northwest Pkwy,32.9017102,-97.5445359,76020,US,Azle,TX,United States,52f2ab2ebcbc57f1066b8b46,Supermarket,,,
1109,4bd0c3df41b9ef3b3cc3fae5,ALDI Food Market,9660 Legacy Dr,32.763820067856614,-97.48543784022326,76108,US,Fort Worth,TX,United States,52f2ab2ebcbc57f1066b8b46,Supermarket,,,
1110,4b857393f964a520d05e31e3,Walmart Supercenter,735 E Highway 377,32.43255317251569,-97.78028082200541,76048,US,Granbury,TX,United States,52f2ab2ebcbc57f1066b8b46,Supermarket,,,
1111,4b2d017df964a52031cc24e3,Walmart Supercenter,9500 Clifford St,32.76533652631426,-97.48400331651239,76108,US,Fort Worth,TX,United States,52f2ab2ebcbc57f1066b8b46,Supermarket,,,
1112,5043cb44e4b0711881757726,David's,2305 Lipan Hwy,32.47408,-97.816365,76048,US,Granbury,TX,United States,52f2ab2ebcbc57f1066b8b46,Supermarket,,,
1113,4ccb275c7c2ff04d4ab2907e,Walmart Supercenter,8840 Benbrook Blvd,32.67798684342363,-97.4681675908009,76126,US,Benbrook,TX,United States,52f2ab2ebcbc57f1066b8b46,Supermarket,at Mercedes St,,
1114,5414d9fa498ea3d31a3d3576,ALDI,1339 N Plaza Dr,32.43611106923636,-97.76724815368652,76048,US,Granbury,TX,United States,52f2ab2ebcbc57f1066b8b46,Supermarket,,,
1115,5783a9c0498e91fa99019a2c,David's,5210 Acton Hwy,32.445727,-97.701324,76049,US,Acton,TX,United States,52f2ab2ebcbc57f1066b8b46,Supermarket,,,
1116,4bd3a8439854d13a8067fe4d,Walmart Supercenter,601 No. Fm 1821,32.81383616,-98.08548586,76067,US,Mineral Wells,TX,United States,52f2ab2ebcbc57f1066b8b46,Supermarket,,,
1117,4c618a5dfa7bc92892f30b27,Walmart Supercenter,721 Boyd Rd,32.90420387491558,-97.5460282171758,76020,US,Azle,TX,United States,52f2ab2ebcbc57f1066b8b46,Supermarket,,,
1157,4c858b8f30789c7495f16de3,Minyards,6324 Meadowbrook Dr,32.74554766544885,-97.22097878138203,76112,US,Fort Worth,TX,United States,52f2ab2ebcbc57f1066b8b46,Supermarket,,,
1164,4c2835f2ed0ac9b6f3f75faa,Kroger,3120 S University Dr,32.7045815,-97.3610941,76109,US,Fort Worth,TX,United States,52f2ab2ebcbc57f1066b8b46,Supermarket,at W Berry St,,
1165,4bd604b4637ba5938679f770,Albertsons,3525 Sycamore School Rd,32.6334662,-97.3715795,76133,US,Fort Worth,TX,United States,52f2ab2ebcbc57f1066b8b46,Supermarket,at McCart Ave.,,
1166,4fdb048be4b0d1f5f887ccdf,Trader Joe's,2701 S Hulen St,32.71187304077815,-97.38523320386945,76109,US,Fort Worth,TX,United States,4bf58dd8d48988d118951735,Grocery Store,at Stonegate Blvd,,
1170,4b828836f964a5200dd730e3,Restaurant Depot,Bridgewood Dr.,32.76309829361567,-97.2155814873863,,US,Fort Worth,TX,United States,52f2ab2ebcbc57f1066b8b46,Supermarket,820 & I30,,
1172,4ba64e35f964a5206c4439e3,Aldi,5617 S Hulen St,32.666962161374144,-97.39963799715048,76132,US,Fort Worth,TX,United States,52f2ab2ebcbc57f1066b8b46,Supermarket,btwn Oakmeadow Dr. & Oak Bend Trl.,,
1173,578555b6498eb6c743b08581,Walmart Neighborhood Market,720 W Pipeline Rd,32.82442036352458,-97.184804017413,76053,US,Hurst,TX,United States,52f2ab2ebcbc57f1066b8b46,Supermarket,,,
1178,5824f21f7448d25ada44d7f6,Walmart Neighborhood Market,7800 Summer Creek Drive,32.63041126365761,-97.40653246677537,76123,US,Fort Worth,TX,United States,52f2ab2ebcbc57f1066b8b46,Supermarket,,,
1180,4b09dd6df964a520e21e23e3,Albertsons,7400 Oakmont Blvd,32.6630254,-97.4197857,76132,US,Fort Worth,TX,United States,52f2ab2ebcbc57f1066b8b46,Supermarket,at Bryant Irvin Rd,,
1193,4bae8607f964a5208ebc3be3,Kroger,3510 Altamesa Blvd,32.6516835,-97.3666016,76133,US,Fort Worth,TX,United States,52f2ab2ebcbc57f1066b8b46,Supermarket,at McCart Ave,,
1194,50ec6adae4b080db990d998e,Walmart Supercenter,2900 Renaissance Square,32.710742395443454,-97.28356869614927,76105,US,Fort Worth,TX,United States,52f2ab2ebcbc57f1066b8b46,Supermarket,,,
1199,4b4101f7f964a52045bf25e3,Albertsons,3563 Alton Rd,32.6978367865746,-97.36953289839221,76109,US,Fort Worth,TX,United States,52f2ab2ebcbc57f1066b8b46,Supermarket,at S. Hills St.,,
1205,5172f511e4b02cd2bec7d6d9,Walmart Neighborhood Market,717 W. Berry St,32.704903748068936,-97.33223972994298,76110,US,Fort Worth,TX,United States,52f2ab2ebcbc57f1066b8b46,Supermarket,,,
1206,4ba6b0eef964a520216939e3,Kroger,6080 S Hulen St,32.6504956,-97.3680502,76132,US,Fort Worth,TX,United States,52f2ab2ebcbc57f1066b8b46,Supermarket,at Hulen Bend Blvd.,,
1208,4beed9a05e7b9c749a16b58d,Aldi,7440 McCart Ave,32.636305496296856,-97.37165293316139,76133,US,Fort Worth,TX,United States,52f2ab2ebcbc57f1066b8b46,Supermarket,at Sycamore School Rd,,
1212,4b3439faf964a5204c2625e3,Walmart Supercenter,6300 Oakmont Blvd,32.66470492265924,-97.4052297907373,76132,US,Fort Worth,TX,United States,52f2ab2ebcbc57f1066b8b46,Supermarket,,,
1213,4b0d9722f964a520bd4b23e3,Walmart Supercenter,7451 Mccart Ave,32.63663648677865,-97.3675984884784,76133,US,Fort Worth,TX,United States,52f2ab2ebcbc57f1066b8b46,Supermarket,,,
1215,4b56f45ff964a520842028e3,Walmart Supercenter,3851 Airport Fwy,32.77476708768652,-97.29207958759646,76111,US,Fort Worth,TX,United States,52f2ab2ebcbc57f1066b8b46,Supermarket,at N Beach St,,
1230,4bbbd11bed7776b01cff3e51,Aldi,700 Alta Mere Dr,32.75065212562598,-97.43473458775952,76116,US,Fort Worth,TX,United States,52f2ab2ebcbc57f1066b8b46,Supermarket,white settlement,,
1242,4aff4a65f964a520f93622e3,Albertsons,6308 Lake Worth Blvd,32.8119552,-97.4224068,76135,US,Lake Worth,TX,United States,52f2ab2ebcbc57f1066b8b46,Supermarket,,,
1246,4b8da262f964a5208e0533e3,Albertsons,6700 W Freeway,32.7370246,-97.4328499,76116,US,Fort Worth,TX,United States,52f2ab2ebcbc57f1066b8b46,Supermarket,at Green Oaks Rd,,
1250,544e803d498ee0bc25dda1f5,Walmart Supercenter,2245 Jacksboro Hwy,32.782604769298345,-97.38084576046418,76114,US,Fort Worth,TX,United States,52f2ab2ebcbc57f1066b8b46,Supermarket,,,
1252,4b5e1ac0f964a520d87d29e3,Walmart Supercenter,6770 Westworth Blvd,32.75453233191099,-97.43361190465772,76114,US,Westworth Village,TX,United States,52f2ab2ebcbc57f1066b8b46,Supermarket,at Alta Mere Dr,,
1254,4b5e44edf964a520ea8629e3,Walmart Neighborhood Market,6756 W Vickery Blvd,32.70295006928283,-97.4282517734237,76116,US,Fort Worth,TX,United States,52f2ab2ebcbc57f1066b8b46,Supermarket,at Southwest Blvd.,,
1255,4b19cc88f964a52064e423e3,Albertsons,1201 N Saginaw Blvd,32.8795127,-97.3823182,76179,US,Saginaw,TX,United States,52f2ab2ebcbc57f1066b8b46,Supermarket,at W. Bailey Boswell Rd.,,
1256,4c4b0c6a6e2095219695f5eb,ALDI,901 N Saginaw Blvd,32.8722393,-97.3755191,76179,US,Saginaw,TX,United States,52f2ab2ebcbc57f1066b8b46,Supermarket,at W J Boaz Rd,,
1260,4b817f83f964a52065aa30e3,Kroger,6650 N Beach St,32.86292841516968,-97.2889451086644,76137,US,Fort Worth,TX,United States,52f2ab2ebcbc57f1066b8b46,Supermarket,at Western Center Blvd.,,
1265,4dba244a6a23e2622d9b1c66,Walmart Supercenter,1401 N Saginaw Blvd,32.88271281164269,-97.38656650383892,76179,US,Saginaw,TX,United States,52f2ab2ebcbc57f1066b8b46,Supermarket,,,
1266,4b18a6dcf964a520fcd423e3,Walmart Supercenter,6360 Lake Worth Blvd,32.81190538034163,-97.42573795552251,76135,US,Lake Worth,TX,United States,52f2ab2ebcbc57f1066b8b46,Supermarket,,,
1269,4b6f1910f964a520bcdc2ce3,Albertsons,4400 Western Center Blvd,32.8593211,-97.2915225,76137,US,Fort Worth,TX,United States,52f2ab2ebcbc57f1066b8b46,Supermarket,at N. Beach St.,,
1270,4ba16c1cf964a520a9b537e3,Carnival Food Store,102 NW 28th St,32.796367825288144,-97.35002360727,76164,US,Fort Worth,TX,United States,52f2ab2ebcbc57f1066b8b46,Supermarket,at N Main St,,
1281,4c0d91ddb1b676b073d7e086,Nguyen Loi,5302 E Belknap St,32.7955179081061,-97.26935684300742,76117,US,Haltom City,TX,United States,52f2ab2ebcbc57f1066b8b46,Supermarket,,,
1283,57840577498e003616675123,ALDI,3173 Denton Hwy,32.80482942976516,-97.26594597101212,76117,US,Haltom City,TX,United States,52f2ab2ebcbc57f1066b8b46,Supermarket,,,
1391,4bd8c81e11dcc92839cbf733,Kroger,3304 Denton Hwy,32.8090342,-97.2630882,76117,US,Haltom City,TX,United States,52f2ab2ebcbc57f1066b8b46,Supermarket,Broadway,,
1393,55e9e7a8498e345b33604ac0,Walmart Neighborhood Market,6604 Blvd.26,32.81370877066678,-97.23932155221814,76180,US,Richland Hills,TX,United States,52f2ab2ebcbc57f1066b8b46,Supermarket,,,
1398,4b68d734f964a5208d8f2be3,Kroger,7201 Boulevard 26,32.8250092,-97.2276745,76180,US,North Richland Hills,TX,United States,52f2ab2ebcbc57f1066b8b46,Supermarket,at Glenview Dr.,,
1418,545c1ee0498ee5585db9f807,WinCo Foods,5152 Rufe Snow Dr,32.84290941790971,-97.23531769652114,76180,US,North Richland Hills,TX,United States,52f2ab2ebcbc57f1066b8b46,Supermarket,,,
1423,4ba02127f964a520445c37e3,ALDI,1628 Precinct Line Rd,32.844129376189066,-97.18553334474564,76054,US,Hurst,TX,United States,52f2ab2ebcbc57f1066b8b46,Supermarket,W Harwood Rd,,
1426,4b2e89faf964a52010e224e3,Walmart Supercenter,1732 Precinct Line Rd,32.847204173060994,-97.18420619646379,76054,US,Hurst,TX,United States,52f2ab2ebcbc57f1066b8b46,Supermarket,,,
1464,4b01b981f964a520df4422e3,Walmart Neighborhood Market,8040 Independence Pkwy,33.08701684288116,-96.7485034381138,75025,US,Plano,TX,United States,52f2ab2ebcbc57f1066b8b46,Supermarket,,,
1469,4b52424ff964a520497327e3,Kroger,9700 Coit Rd,33.1096989,-96.7663797,75025,US,Plano,TX,United States,52f2ab2ebcbc57f1066b8b46,Supermarket,at 121/Sam Rayburn Tollway,,
1474,4c42756fda3dc92887a1cab9,Walmart Supercenter,730 W Exchange Pkwy,33.11938081129801,-96.67256292660196,75013,US,Allen,TX,United States,52f2ab2ebcbc57f1066b8b46,Supermarket,,,
1533,4cd715d87da9a35d7509f3b9,Walmart Supercenter,1900 W Moore Ave,32.73969490260471,-96.30573599731562,75160,US,Terrell,TX,United States,52f2ab2ebcbc57f1066b8b46,Supermarket,,,
1561,4a5528b4f964a520c1b31fe3,Central Market,5750 E Lovers Ln,32.8497832,-96.7686762,75206,US,Dallas,TX,United States,4bf58dd8d48988d118951735,Grocery Store,at Greenville Ave,,
1823,4b96e246f964a52031eb34e3,Walmart Supercenter,1750 S Broadway St,33.10616192824188,-95.59537764140121,75482,US,Sulphur Springs,TX,United States,52f2ab2ebcbc57f1066b8b46,Supermarket,,,
1824,4c0ecc85336220a124d1cc77,Walmart Supercenter,2701 State Highway 50,33.23488439539497,-95.91444469617493,75428,US,Commerce,TX,United States,52f2ab2ebcbc57f1066b8b46,Supermarket,,,
1830,552887f6498e2d7ce01930a6,Kroger Marketplace,4620 State Highway 121,33.0622422,-96.8890778,75056,US,Lewisville,TX,United States,52f2ab2ebcbc57f1066b8b46,Supermarket,,,
1836,4b3a62faf964a520216625e3,Walmart Supercenter,4691 State Highway 121,33.06680606,-96.89190789,75056,US,Lewisville,TX,United States,52f2ab2ebcbc57f1066b8b46,Supermarket,"Main St. (FM 423), Memorial Dr.",,
1838,5b4d924b2463d8004400e713,ALDI,6150 N Josey Ln,33.0614369,-96.8856342,75056,US,Lewisville,TX,United States,52f2ab2ebcbc57f1066b8b46,Supermarket,Windhaven Pkwy,,
1857,54ff76d5498ece66e64f566e,Trader Joe's,1492 E Southlake Blvd,32.94139951984254,-97.12955106438396,76092,US,Southlake,TX,United States,52f2ab2ebcbc57f1066b8b46,Supermarket,,,
1859,5334c1d3498eeee73f3b0582,ALDI,1315 N Highway 377,33.01654008231252,-97.21964836120611,76262,US,Roanoke,TX,United States,52f2ab2ebcbc57f1066b8b46,Supermarket,at Marshall Creek Rd.,,
1860,4b1c3142f964a520f50324e3,Kroger,2110 E Southlake Blvd,32.9426255,-97.1215336,76092,US,Southlake,TX,United States,52f2ab2ebcbc57f1066b8b46,Supermarket,in Village Center,,
1865,5503682f498ee93a889a6bbd,Kroger Marketplace,9150 N Tarrant Pkwy,32.9023588,-97.1889241,76182,US,North Richland Hills,TX,United States,52f2ab2ebcbc57f1066b8b46,Supermarket,,,
1866,4b1d46e4f964a520140e24e3,Market Street,5605 Colleyville Blvd,32.8894102,-97.1472142,76034,US,Colleyville,TX,United States,52f2ab2ebcbc57f1066b8b46,Supermarket,,,
1868,58dd786ee0adac7f5d8e0384,Sam's Club,5918-5958 Golden Triangle Boulevard,32.93346092421957,-97.25597696211554,76248,US,Keller,TX,United States,52f2ab2ebcbc57f1066b8b46,Supermarket,,,
1871,4e99b72e2c5bf14846c97fb2,Kroger Signature,976 Keller Pkwy,32.9323577306847,-97.23026371677406,76248,US,Keller,TX,United States,52f2ab2ebcbc57f1066b8b46,Supermarket,at Rufe Snow Dr.,,
1872,4feca235e4b0de704a32dbf7,Kroger Signature,12600 N Beach St,32.95622176194173,-97.27989925965579,76244,US,Fort Worth,TX,United States,52f2ab2ebcbc57f1066b8b46,Supermarket,at Timberland Blvd.,,
1875,5b2d246ab2958f002c124226,Walmart Supercenter,5336 Golden Triangle Boulevard,32.93087763596702,-97.26752952712701,76244,US,Fort Worth,TX,United States,52f2ab2ebcbc57f1066b8b46,Supermarket,,,
1876,4adb895cf964a520bc2821e3,Tom Thumb,302 S Park Blvd,32.9388137,-97.0974789,76051,US,Grapevine,TX,United States,52f2ab2ebcbc57f1066b8b46,Supermarket,at W. Northwest Hwy.,,
1877,4b525513f964a520be7727e3,Kroger,2061 Rufe Snow Dr,32.8972403,-97.2370904,76248,US,Keller,TX,United States,52f2ab2ebcbc57f1066b8b46,Supermarket,at N. Tarrant Pkwy.,,
1878,4c0559941cead13a299fa1db,Tom Thumb,1000 Keller Pkwy,32.9323121,-97.2281451,76248,US,Keller,TX,United States,52f2ab2ebcbc57f1066b8b46,Supermarket,at Rufe Snow Dr,,
1882,5789311e498e9404b049280e,Kroger Signature,5241 North Tarrant Pkwy,32.89592504280308,-97.27030781349185,76244,US,Fort Worth,TX,United States,52f2ab2ebcbc57f1066b8b46,Supermarket,,,
1883,4b3d460ff964a520749125e3,Tom Thumb,612 Grapevine Hwy,32.8640062,-97.1795488,76054,US,Hurst,TX,United States,52f2ab2ebcbc57f1066b8b46,Supermarket,at Hurstview Dr.,,
1888,4de8473b1838b9ad8d0b6a9e,Kroger,9135 Boulevard 26,32.85470399090788,-97.19034057633348,76180,US,North Richland Hills,TX,United States,52f2ab2ebcbc57f1066b8b46,Supermarket,,,
1889,4aa59d3bf964a520f64820e3,Walmart Supercenter,1601 W State Highway 114,32.93107452322956,-97.1013709824125,76051,US,Grapevine,TX,United States,52f2ab2ebcbc57f1066b8b46,Supermarket,,,
1890,4d2db081679e6dcbf698b195,Kroger Marketplace,3300 Texas Sage Trl,32.9117086,-97.3094739,76177,US,Fort Worth,TX,United States,52f2ab2ebcbc57f1066b8b46,Supermarket,at Heritage Trace Pkwy.,,
1892,57499fc6498e18da8e2cc4c7,WinCo Foods,8968 Tehama Ridge Pkwy,32.90324752835162,-97.32105176653492,76177,US,Fort Worth,TX,United States,52f2ab2ebcbc57f1066b8b46,Supermarket,,,
1897,54ffa297498eccf677f6f7a3,Walmart Neighborhood Market,4536 Heritage Trace Parkway,32.91338379995702,-97.28838496923031,76244,US,Fort Worth,TX,United States,52f2ab2ebcbc57f1066b8b46,Supermarket,,,
1902,4b534cc2f964a520359627e3,Walmart Supercenter,1228 N Highway 377,33.01368630392858,-97.21726857398481,76262,US,Roanoke,TX,United States,52f2ab2ebcbc57f1066b8b46,Supermarket,,,
1903,4b40ee0cf964a520abbd25e3,Walmart Supercenter,190 E Round Grove Rd,33.009590839926865,-96.99745368239623,75067,US,Lewisville,TX,United States,52f2ab2ebcbc57f1066b8b46,Supermarket,,,
1907,50773516e4b0510906934f46,Walmart Neighborhood Market,4904 Colleyville Blvd,32.882182971271256,-97.1564642232904,76034,US,Colleyville,TX,United States,52f2ab2ebcbc57f1066b8b46,Supermarket,,,
1909,4b25a9e1f964a5201c7524e3,Walmart Supercenter,9101 N Tarrant Pkwy,32.90595858682671,-97.18958091598873,76182,US,North Richland Hills,TX,United States,52f2ab2ebcbc57f1066b8b46,Supermarket,,,
1910,4b82b3a5f964a5204ddf30e3,Walmart Neighborhood Market,7401 Park Vista Blvd,32.875033747636884,-97.27034825986101,76137,US,Fort Worth,TX,United States,52f2ab2ebcbc57f1066b8b46,Supermarket,Basswood,,
1915,57e85484498e88140ff60991,Kroger,1653 Basswood Blvd,32.872349262357766,-97.34017817314452,76131,US,Saginaw,TX,United States,52f2ab2ebcbc57f1066b8b46,Supermarket,,,
1918,4ba40c7df964a520b27b38e3,ALDI,5728 North Tarrant Pkwy,32.893429167996935,-97.26322621107101,76244,US,Fort Worth,TX,United States,52f2ab2ebcbc57f1066b8b46,Supermarket,E of US 377,,
1921,4b07341df964a5208ff922e3,Walmart Neighborhood Market,2130 Rufe Snow Dr,32.89325781789806,-97.2397537657408,76248,US,Keller,TX,United States,52f2ab2ebcbc57f1066b8b46,Supermarket,N. Tarrant Pkwy,,
1922,5a0cbd4bcf72a0359cacaa48,Walmart Garden Center,190 E Round Grove Rd,33.000502,-96.990945,75067,US,Lewisville,TX,United States,52f2ab2ebcbc57f1066b8b46,Supermarket,,,
1934,546a31d9498e655a923ff2a8,ALDI,8537 Davis Blvd,32.908772,-97.19156600000001,76182,US,North Richland Hills,TX,United States,52f2ab2ebcbc57f1066b8b46,Supermarket,,,
1935,4b576fd5f964a520a33728e3,Walmart Supercenter,8520 N Beach St,32.89508682478635,-97.28710777833629,76244,US,Fort Worth,TX,United States,52f2ab2ebcbc57f1066b8b46,Supermarket,,,
1948,4cd01dec7561236a9b4f2af3,Albertsons,6249 Rufe Snow Dr,32.8587881,-97.2398732,76148,US,Watauga,TX,United States,52f2ab2ebcbc57f1066b8b46,Supermarket,at Watauga Rd.,,
1950,58e164480acb6a21e3d3a9e7,ALDI,8977 Tehama Ridge Pkwy,32.9037694,-97.3236368,76177,US,Fort Worth,TX,United States,52f2ab2ebcbc57f1066b8b46,Supermarket,,,
1952,4aff99d4f964a520b03922e3,Walmart Supercenter,6401 Ne Loop 820,32.84240978163169,-97.246920656145,76180,US,North Richland Hills,TX,United States,52f2ab2ebcbc57f1066b8b46,Supermarket,at Boulder Dr.,,
1957,58e16726fda3d847e7b13ee7,ALDI,8977 Tehama Ridge Pkwy,32.903576,-97.323741,76177,US,Fort Worth,TX,United States,52f2ab2ebcbc57f1066b8b46,Supermarket,,,
1995,4c1b6cf6b9f876b0dc287a46,Walmart Supercenter,401 Coke Ave,32.0044455,-97.09929075,76645,US,Hillsboro,TX,United States,52f2ab2ebcbc57f1066b8b46,Supermarket,,,
2497,56f5ce4f498e0f35991a91de,Kroger Marketplace,1250 N Preston Rd,33.2494469,-96.7826421,75078,US,Prosper,TX,United States,52f2ab2ebcbc57f1066b8b46,Supermarket,Prosper Trail,,
2498,5a1c97fb28122f74476b11ba,Walmart Supercenter,500 Richland Blvd,33.22025256642576,-96.79702411298345,75078,US,Prosper,TX,United States,52f2ab2ebcbc57f1066b8b46,Supermarket,,,
2499,52f3abf9498e11d3597a5c61,WinCo Foods,1800 N Graves St,33.215088299387126,-96.62683201895382,75069,US,McKinney,TX,United States,52f2ab2ebcbc57f1066b8b46,Supermarket,,,
2507,584397166c682b44fa934243,Walmart Supercenter,521 S Central Expy,33.347921408840996,-96.58253174650844,75409,US,Anna,TX,United States,52f2ab2ebcbc57f1066b8b46,Supermarket,W White St.,,
2509,4b940684f964a520456234e3,Tom Thumb,4848 Preston Rd,33.118959,-96.8036377,75034,US,Frisco,TX,United States,52f2ab2ebcbc57f1066b8b46,Supermarket,at Lebanon Rd.,,
2512,4b5b526ef964a52077f428e3,Kroger,1707 W University Dr,33.215559992816445,-96.63288028570605,75069,US,McKinney,TX,United States,52f2ab2ebcbc57f1066b8b46,Supermarket,N Central Exwy,,
2513,4b4d105bf964a520aac926e3,Kroger,7500 Preston Rd,33.1406354,-96.8028388,75034,US,Frisco,TX,United States,52f2ab2ebcbc57f1066b8b46,Supermarket,at Stonebrook Pkwy/Rolater Rd,,
2524,4baf8f1bf964a520910a3ce3,Walmart Supercenter,2041 N Redbud Blvd,33.22180287550949,-96.62999963436405,75069,US,McKinney,TX,United States,52f2ab2ebcbc57f1066b8b46,Supermarket,,,
2535,4dd9be1b1838b8561d213b76,Walmart Supercenter,8555 Preston Rd,33.14705887191063,-96.8076329979599,75034,US,Frisco,TX,United States,52f2ab2ebcbc57f1066b8b46,Supermarket,,,
2541,4b4e27c2f964a5204be326e3,Walmart Supercenter,8801 Ohio Dr,33.09706943212229,-96.79933386929854,75024,US,Plano,TX,United States,52f2ab2ebcbc57f1066b8b46,Supermarket,,,
2543,5a0bee17e075502aad0d1421,Walmart Garden Center,2041 N Redbud Blvd,33.222075,-96.629963,75069,US,McKinney,TX,United States,52f2ab2ebcbc57f1066b8b46,Supermarket,,,
2564,5a0c37eb69e77b31cb2cbd43,Walmart Garden Center,8801 Ohio Dr,33.097285,-96.799642,75024,US,Plano,TX,United States,52f2ab2ebcbc57f1066b8b46,Supermarket,,,
2960,4c4239bad691c9b6230c8e0a,Terry's Supermarket,1019 Fox Ave,33.03577722524694,-97.01212168665123,75067,US,Lewisville,TX,United States,4bf58dd8d48988d118951735,Grocery Store,,,
3239,4c48ac023013a5935454bae1,Walmart Supercenter,3801 W State Highway 31,32.06689878,-96.50573929,75110,US,Corsicana,TX,United States,52f2ab2ebcbc57f1066b8b46,Supermarket,,,
3241,53615419498e8f62c6e30014,ALDI,3623 W State Highway 31,32.070429,-96.503846,75110,US,Corsicana,TX,United States,52f2ab2ebcbc57f1066b8b46,Supermarket,,,
3245,4b6e0161f964a520d7a22ce3,Walmart Supercenter,603 E Highway 243,32.54342594166634,-95.85443726684001,75103,US,Canton,TX,United States,52f2ab2ebcbc57f1066b8b46,Supermarket,,,
3256,57812ac6498e9ca4f140ddd9,Brookshire Brothers,100 S Houston St,32.697398,-95.885635,75117,US,Edgewood,TX,United States,52f2ab2ebcbc57f1066b8b46,Supermarket,,,
3303,4c0427bd39d476b0a71c31a7,Pecan Foods,,32.37064427615034,-97.65795807761738,76049,US,Granbury,TX,United States,52f2ab2ebcbc57f1066b8b46,Supermarket,,,
4304,4c8bda6f55fba093d3035aab,Brookshire Brothers,305 NE 4th St,31.850478055305036,-96.79514670093936,76648,US,Hubbard,TX,United States,52f2ab2ebcbc57f1066b8b46,Supermarket,,,
5716,4ba1f9e0f964a5207cd437e3,Walmart Supercenter,2021 N State Highway 121,33.5964020881938,-96.19404048961444,75418,US,Bonham,TX,United States,52f2ab2ebcbc57f1066b8b46,Supermarket,,,
5720,4c0932f3ed259521a7ea1256,Brookshire's,1310 N Brazos St,31.96328269511484,-97.32280013116255,76692,US,Whitney,TX,United States,52f2ab2ebcbc57f1066b8b46,Supermarket,,,
5725,57a9f721498e2da69487b124,David's,205 Austin Rd,32.23099,-97.752301,76043,US,Glen Rose,TX,United States,52f2ab2ebcbc57f1066b8b46,Supermarket,,,
5975,4c5ed58e7735c9b6bdc69272,Target,150 E Stacy Rd,33.12390783366084,-96.66174541672487,75002,US,Allen,TX,United States,52f2ab2ebcbc57f1066b8b42,Big Box Store,at N. Central Expy.,,
7269,4b0cac55f964a520d34023e3,Central Market,1425 E Southlake Blvd,32.938872,-97.13128,76092,US,Southlake,TX,United States,4bf58dd8d48988d1f5941735,Gourmet Shop,at S. Carroll Ave.,,
7470,4c2fc23966e40f478787c28b,Walmart Supercenter,1341 Highway 287 N,33.540098808434145,-97.83681925363058,76230,US,Bowie,TX,United States,52f2ab2ebcbc57f1066b8b46,Supermarket,,,
7494,4b242fadf964a520376324e3,Walmart Supercenter,1800 Lawrence St,33.64500851,-97.13594555,76240,US,Gainesville,TX,United States,52f2ab2ebcbc57f1066b8b46,Supermarket,,,
8386,4b4a0b16f964a520d27826e3,Tom Thumb,5968 W Parker Rd,33.04298756835429,-96.82860850692578,75093,US,Plano,TX,United States,4bf58dd8d48988d118951735,Grocery Store,Tollway,,
